rank,school,headshot,position,college_year,first_name,last_name,br,cbs,tdn,drafttek,espn,nbc,nfl,pff,sbn,si,usa,walter,yahoo,std_dev,avg
1,https://a.espncdn.com/i/teamlogos/ncaa/500/213.png,https://a.espncdn.com/i/headshots/nfldraft/players/full/101507.png,RB,JR.,Saquon,Barkley,1,6,2,2,1,3,1,11,1,1,1,1,2,2.9,2.54
2,https://a.espncdn.com/i/teamlogos/ncaa/500/87.png,https://a.espncdn.com/i/headshots/nfldraft/players/full/101518.png,OG,JR.,Quenton,Nelson,3,3,1,8,3,2,2,4,2,4,2,2,4,1.8,3.08
3,https://a.espncdn.com/i/teamlogos/ncaa/500/152.png,https://a.espncdn.com/i/headshots/nfldraft/players/full/101508.png,ED,SR.,Bradley,Chubb,2,1,4,3,2,5,3,13,5,3,3,3,5,3,4
4,https://a.espncdn.com/i/teamlogos/ncaa/500/61.png,https://a.espncdn.com/i/headshots/nfldraft/players/full/101520.png,LB,JR.,Roquan,Smith,10,4,10,13,5,6,7,7,4,10,4,10,3,3.2,7.15
5,https://a.espncdn.com/i/teamlogos/ncaa/500/26.png,https://a.espncdn.com/i/headshots/nfldraft/players/full/101506.png,QB,JR.,Josh,Rosen,8,16,7,4,9,1,15,6,6,8,8,14,1,4.8,7.92
6,https://a.espncdn.com/i/teamlogos/ncaa/500/52.png,https://a.espncdn.com/i/headshots/nfldraft/players/full/101661.png,S,RS SO.,Derwin,James,11,2,11,12,7,4,12,5,11,16,5,5,7,4.1,8.31
7,https://a.espncdn.com/i/teamlogos/ncaa/500/333.png,https://a.espncdn.com/i/headshots/nfldraft/players/full/101660.png,S,JR.,Minkah,Fitzpatrick,6,9,5,6,8,14,23,10,3,6,6,9,9,5.1,8.77
8,https://a.espncdn.com/i/teamlogos/ncaa/500/194.png,https://a.espncdn.com/i/headshots/nfldraft/players/full/101662.png,CB,JR.,Denzel,Ward,9,13,18,7,6,12,9,9,7,9,14,12,15,3.6,10.77
9,https://a.espncdn.com/i/teamlogos/ncaa/500/30.png,https://a.espncdn.com/i/headshots/nfldraft/players/full/101504.png,QB,JR.,Sam,Darnold,5,22,44,1,4,21,5,2,8,2,13,4,14,12.1,11.15
10,https://a.espncdn.com/i/teamlogos/ncaa/500/259.png,https://a.espncdn.com/i/headshots/nfldraft/players/full/101528.png,LB,JR.,Tremaine,Edmunds,4,25,3,9,12,19,4,30,12,14,9,7,11,8.2,12.23
11,https://a.espncdn.com/i/teamlogos/ncaa/500/201.png,https://a.espncdn.com/i/headshots/nfldraft/players/full/101525.png,QB,SR.,Baker,Mayfield,12,34,8,11,11,22,17,1,10,7,15,32,19,9.5,15.31
12,https://a.espncdn.com/i/teamlogos/ncaa/500/264.png,https://a.espncdn.com/i/headshots/nfldraft/players/full/101526.png,IDL,JR.,Vita,Vea,16,19,23,20,14,34,6,20,9,12,11,6,20,7.8,16.15
13,https://a.espncdn.com/i/teamlogos/ncaa/500/2294.png,https://a.espncdn.com/i/headshots/nfldraft/players/full/101663.png,CB,RS JR.,Josh,Jackson,17,8,22,21,27,11,20,8,20,13,22,11,12,6.1,16.31
14,https://a.espncdn.com/i/teamlogos/ncaa/500/103.png,https://a.espncdn.com/i/headshots/nfldraft/players/full/101510.png,ED,SR.,Harold,Landry,15,52,19,26,26,7,18,12,16,18,12,43,6,13.4,20.77
15,https://a.espncdn.com/i/teamlogos/ncaa/500/87.png,https://a.espncdn.com/i/headshots/nfldraft/players/full/101516.png,OT,SR.,Mike,McGlinchey,22,35,12,17,13,13,31,15,27,21,32,15,16,8,20.69
16,https://a.espncdn.com/i/teamlogos/ncaa/500/333.png,https://a.espncdn.com/i/headshots/nfldraft/players/full/101536.png,IDL,JR.,Da'Ron,Payne,34,24,25,35,15,26,8,37,14,17,21,8,23,9.6,22.08
17,https://a.espncdn.com/i/teamlogos/ncaa/500/333.png,https://a.espncdn.com/i/headshots/nfldraft/players/full/101515.png,WR,JR.,Calvin,Ridley,18,46,42,15,20,27,11,23,13,11,16,16,38,12,22.77
18,https://a.espncdn.com/i/teamlogos/ncaa/500/61.png,https://a.espncdn.com/i/headshots/nfldraft/players/full/101729.png,OG,SR.,Isaiah,Wynn,27,21,9,33,38,9,14,16,18,33,25,46,10,11.9,23
19,https://a.espncdn.com/i/teamlogos/ncaa/500/57.png,https://a.espncdn.com/i/headshots/nfldraft/players/full/101752.png,IDL,RS JR.,Taven,Bryan,30,17,32,19,21,20,13,34,34,20,34,17,13,8.2,23.38
20,https://a.espncdn.com/i/teamlogos/ncaa/500/99.png,https://a.espncdn.com/i/headshots/nfldraft/players/full/101514.png,RB,JR.,Derrius,Guice,29,12,21,10,35,10,22,45,21,25,10,29,37,11.3,23.54
21,https://a.espncdn.com/i/teamlogos/ncaa/500/97.png,https://a.espncdn.com/i/headshots/nfldraft/players/full/101568.png,QB,JR.,Lamar,Jackson,–,14,41,18,29,23,32,19,15,30,7,13,8,10.4,20.75
22,https://a.espncdn.com/i/teamlogos/ncaa/500/97.png,https://a.espncdn.com/i/headshots/nfldraft/players/full/101675.png,CB,JR.,Jaire,Alexander,24,11,15,34,17,52,27,22,26,37,18,27,17,11,25.15
23,https://a.espncdn.com/i/teamlogos/ncaa/500/2636.png,https://a.espncdn.com/i/headshots/nfldraft/players/full/101603.png,ED,SR.,Marcus,Davenport,14,20,47,14,16,15,37,28,19,15,35,31,42,11.7,25.62
24,https://a.espncdn.com/i/teamlogos/ncaa/500/130.png,https://a.espncdn.com/i/headshots/nfldraft/players/full/101512.png,IDL,SR.,Mo,Hurst,38,7,13,23,61,8,33,3,17,29,23,60,29,18.4,26.46
25,https://a.espncdn.com/i/teamlogos/ncaa/500/333.png,https://a.espncdn.com/i/headshots/nfldraft/players/full/101532.png,LB,SR.,Rashaan,Evans,20,50,29,16,19,29,24,44,24,26,17,28,18,10.2,26.46
26,https://a.espncdn.com/i/teamlogos/ncaa/500/68.png,https://a.espncdn.com/i/headshots/nfldraft/players/full/101747.png,LB,RS JR.,Leighton,Vander Esch,19,27,38,30,32,16,10,26,28,23,48,41,25,10.3,27.92
27,https://a.espncdn.com/i/teamlogos/ncaa/500/2638.png,https://a.espncdn.com/i/headshots/nfldraft/players/full/101728.png,OG,SR.,Will,Hernandez,41,23,34,39,25,30,21,17,22,42,20,39,33,8.8,29.69
28,https://a.espncdn.com/i/teamlogos/ncaa/500/2567.png,https://a.espncdn.com/i/headshots/nfldraft/players/full/101521.png,WR,RS JR.,Courtland,Sutton,35,5,16,38,44,28,41,38,55,24,26,18,22,13.5,30
29,https://a.espncdn.com/i/teamlogos/ncaa/500/251.png,https://a.espncdn.com/i/headshots/nfldraft/players/full/101513.png,OT,JR.,Connor,Williams,13,30,6,27,37,38,39,18,29,19,31,98,28,22.2,31.77
30,https://a.espncdn.com/i/teamlogos/ncaa/500/2294.png,https://a.espncdn.com/i/headshots/nfldraft/players/full/101707.png,C,JR.,James,Daniels,23,42,36,62,18,17,26,59,36,32,29,36,21,14.2,33.62
31,https://a.espncdn.com/i/teamlogos/ncaa/500/61.png,https://a.espncdn.com/i/headshots/nfldraft/players/full/101712.png,RB,SR.,Sony,Michel,33,53,43,52,31,18,30,46,32,43,37,22,31,10.7,36.23
32,https://a.espncdn.com/i/teamlogos/ncaa/500/120.png,https://a.espncdn.com/i/headshots/nfldraft/players/full/101759.png,WR,JR.,D.J.,Moore,–,70,26,29,22,24,46,31,35,36,27,42,27,13.3,34.58
33,https://a.espncdn.com/i/teamlogos/ncaa/500/2751.png,https://a.espncdn.com/i/headshots/nfldraft/players/full/101505.png,QB,RS JR.,Josh,Allen,7,55,125,5,10,44,38,35,42,5,56,24,32,32.1,36.77
34,https://a.espncdn.com/i/teamlogos/ncaa/500/2116.png,https://a.espncdn.com/i/headshots/nfldraft/players/full/101834.png,CB,JR.,Mike,Hughes,26,69,55,28,23,51,35,27,30,35,55,26,24,15,37.23
35,https://a.espncdn.com/i/teamlogos/ncaa/500/194.png,https://a.espncdn.com/i/headshots/nfldraft/players/full/101706.png,C,SR.,Billy,Price,21,47,17,72,33,47,28,69,25,45,24,20,34,18,37.08
36,https://a.espncdn.com/i/teamlogos/ncaa/500/38.png,https://a.espncdn.com/i/headshots/nfldraft/players/full/101751.png,CB,JR.,Isaiah,Oliver,25,29,76,32,54,71,29,36,59,22,30,53,35,18,42.38
37,https://a.espncdn.com/i/teamlogos/ncaa/500/24.png,https://a.espncdn.com/i/headshots/nfldraft/players/full/101835.png,S,JR.,Justin,Reid,47,63,31,46,39,33,16,58,65,34,61,38,30,15.1,43.15
38,https://a.espncdn.com/i/teamlogos/ncaa/500/30.png,https://a.espncdn.com/i/headshots/nfldraft/players/full/101527.png,RB,JR.,Ronald,Jones II,43,36,56,36,56,84,19,39,39,41,40,54,46,15.3,45.31
39,https://a.espncdn.com/i/teamlogos/ncaa/500/26.png,https://a.espncdn.com/i/headshots/nfldraft/players/full/101788.png,OT,RS JR.,Kolton,Miller,32,28,65,22,30,46,47,92,38,28,89,40,41,22.6,46
40,https://a.espncdn.com/i/teamlogos/ncaa/500/61.png,https://a.espncdn.com/i/headshots/nfldraft/players/full/101549.png,RB,SR.,Nick,Chubb,–,45,14,50,34,36,93,41,41,60,43,34,69,20,46.67
41,https://a.espncdn.com/i/teamlogos/ncaa/500/333.png,https://a.espncdn.com/i/headshots/nfldraft/players/full/101664.png,S,JR.,Ronnie,Harrison,40,91,61,37,41,58,53,51,44,38,19,49,50,16.7,48.62
42,https://a.espncdn.com/i/teamlogos/ncaa/500/2571.png,https://a.espncdn.com/i/headshots/nfldraft/players/full/101538.png,TE,RS SR.,Dallas,Goedert,39,51,33,64,36,35,55,21,40,61,41,–,54,12.8,44.17
43,https://a.espncdn.com/i/teamlogos/ncaa/500/197.png,https://a.espncdn.com/i/headshots/nfldraft/players/full/101552.png,WR,SR.,James,Washington,–,18,39,43,50,53,62,24,51,53,42,87,58,17.8,48.33
44,https://a.espncdn.com/i/teamlogos/ncaa/500/245.png,https://a.espncdn.com/i/headshots/nfldraft/players/full/101517.png,WR,RS JR.,Christian,Kirk,36,129,59,25,42,31,49,68,48,27,54,33,47,27,49.85
45,https://a.espncdn.com/i/teamlogos/ncaa/500/213.png,https://a.espncdn.com/i/headshots/nfldraft/players/full/101558.png,TE,SR.,Mike,Gesicki,37,54,52,55,51,60,36,43,45,46,60,100,63,16.2,54
46,https://a.espncdn.com/i/teamlogos/ncaa/500/194.png,https://a.espncdn.com/i/headshots/nfldraft/players/full/101542.png,ED,JR.,Sam,Hubbard,31,113,48,42,65,42,52,84,37,48,47,48,49,22,54.31
47,https://a.espncdn.com/i/teamlogos/ncaa/500/2579.png,https://a.espncdn.com/i/headshots/nfldraft/players/full/101570.png,TE,JR.,Hayden,Hurst,45,187,53,31,28,49,34,95,46,39,90,23,48,44.1,59.08
48,https://a.espncdn.com/i/teamlogos/ncaa/500/2.png,https://a.espncdn.com/i/headshots/nfldraft/players/full/101841.png,CB,JR.,Carlton,Davis,48,96,81,47,83,131,25,42,43,40,45,25,39,31.2,57.31
49,https://a.espncdn.com/i/teamlogos/ncaa/500/8.png,https://a.espncdn.com/i/headshots/nfldraft/players/full/101708.png,C,SR.,Frank,Ragnow,–,33,30,60,24,32,72,14,66,79,105,–,57,27.7,52
50,https://a.espncdn.com/i/teamlogos/ncaa/500/99.png,https://a.espncdn.com/i/headshots/nfldraft/players/full/101838.png,CB,JR.,Donte,Jackson,–,105,70,59,45,66,51,33,72,44,80,21,44,22.8,57.5
51,https://a.espncdn.com/i/teamlogos/ncaa/500/235.png,https://a.espncdn.com/i/headshots/nfldraft/players/full/101607.png,WR,SR.,Anthony,Miller,–,44,27,86,46,37,79,50,53,96,64,64,55,20.4,58.42
52,https://a.espncdn.com/i/teamlogos/ncaa/500/197.png,https://a.espncdn.com/i/headshots/nfldraft/players/full/101545.png,QB,SR.,Mason,Rudolph,–,10,86,41,62,72,69,25,50,68,52,–,64,22.1,54.45
53,https://a.espncdn.com/i/teamlogos/ncaa/500/2483.png,https://a.espncdn.com/i/headshots/nfldraft/players/full/101537.png,OT,SR.,Tyrell,Crosby,49,40,49,90,55,41,91,71,56,64,76,75,40,18,61.31
54,https://a.espncdn.com/i/teamlogos/ncaa/500/2.png,https://a.espncdn.com/i/headshots/nfldraft/players/full/101554.png,OG,SR.,Braden,Smith,–,39,69,44,57,80,66,57,68,84,51,62,51,13.6,60.67
55,https://a.espncdn.com/i/teamlogos/ncaa/500/201.png,https://a.espncdn.com/i/headshots/nfldraft/players/full/101523.png,OT,RS JR.,Orlando,Brown,–,26,54,58,76,83,94,86,23,47,71,–,56,23.4,61.27
56,https://a.espncdn.com/i/teamlogos/ncaa/500/99.png,https://a.espncdn.com/i/headshots/nfldraft/players/full/101509.png,ED,JR.,Arden,Key,–,73,46,24,123,101,124,74,62,31,38,19,74,36.2,65.75
57,https://a.espncdn.com/i/teamlogos/ncaa/500/24.png,https://a.espncdn.com/i/headshots/nfldraft/players/full/101776.png,IDL,SR.,Harrison,Phillips,44,43,–,57,43,67,43,112,31,63,33,92,87,25.6,59.58
58,https://a.espncdn.com/i/teamlogos/ncaa/500/61.png,https://a.espncdn.com/i/headshots/nfldraft/players/full/101540.png,ED,SR.,Lorenzo,Carter,–,75,60,45,52,25,57,123,92,54,107,82,62,27.6,69.5
59,https://a.espncdn.com/i/teamlogos/ncaa/500/52.png,https://a.espncdn.com/i/headshots/nfldraft/players/full/101546.png,ED,JR.,Josh,Sweat,–,49,50,65,72,45,106,105,95,83,73,86,26,25.2,71.25
60,https://a.espncdn.com/i/teamlogos/ncaa/500/154.png,https://a.espncdn.com/i/headshots/nfldraft/players/full/101836.png,S,RS JR.,Jessie,Bates III,–,131,45,63,53,54,59,115,54,55,70,–,36,29.3,66.82
61,https://a.espncdn.com/i/teamlogos/ncaa/500/201.png,https://a.espncdn.com/i/headshots/nfldraft/players/full/101572.png,TE,RS JR.,Mark,Andrews,–,72,62,78,80,123,97,48,33,67,53,52,93,24.8,71.5
62,https://a.espncdn.com/i/teamlogos/ncaa/500/21.png,https://a.espncdn.com/i/headshots/nfldraft/players/full/101710.png,RB,SR.,Rashaad,Penny,–,123,107,92,47,74,44,29,60,72,36,90,94,29.7,72.33
63,https://a.espncdn.com/i/teamlogos/ncaa/500/2.png,https://a.espncdn.com/i/headshots/nfldraft/players/full/101522.png,RB,JR.,Kerryon,Johnson,–,74,84,74,79,86,50,107,58,52,104,47,61,20.1,73
64,https://a.espncdn.com/i/teamlogos/ncaa/500/2440.png,https://a.espncdn.com/i/headshots/nfldraft/players/full/101581.png,OG,RS SR.,Austin,Corbett,42,86,28,98,40,56,92,65,64,–,96,–,65,24.1,66.55
65,0,"https://static.www.nfl.com/image/private/f_auto,q_auto/league/lwu8lddulfvjdcbku8jy",IDL,SR.,Nathan,Shepherd,–,108,35,82,59,50,67,62,102,–,39,–,96,26,70
66,https://a.espncdn.com/i/teamlogos/ncaa/500/36.png,https://a.espncdn.com/i/headshots/nfldraft/players/full/101615.png,WR,SR.,Michael,Gallup,–,32,75,88,110,63,86,49,116,78,74,–,52,25.3,74.82
67,https://a.espncdn.com/i/teamlogos/ncaa/500/87.png,https://a.espncdn.com/i/headshots/nfldraft/players/full/101808.png,WR,JR.,Equanimeous,St. Brown,–,122,108,96,139,48,65,66,73,75,79,37,45,31.4,79.42
68,https://a.espncdn.com/i/teamlogos/ncaa/500/251.png,https://a.espncdn.com/i/headshots/nfldraft/players/full/101530.png,LB,JR.,Malik,Jefferson,28,60,95,97,78,149,127,114,70,76,50,63,43,34.7,80.77
69,https://a.espncdn.com/i/teamlogos/ncaa/500/259.png,https://a.espncdn.com/i/headshots/nfldraft/players/full/101840.png,IDL,RS JR.,Tim,Settle,–,57,136,95,106,146,42,103,47,57,66,35,81,36.6,80.92
70,https://a.espncdn.com/i/teamlogos/ncaa/500/30.png,https://a.espncdn.com/i/headshots/nfldraft/players/full/101787.png,ED,JR.,Rasheem,Green,–,104,135,81,63,100,54,143,69,50,72,67,53,31.4,82.58
71,https://a.espncdn.com/i/teamlogos/ncaa/500/194.png,https://a.espncdn.com/i/headshots/nfldraft/players/full/101715.png,OT,SR.,Jamarco,Jones,46,81,20,191,108,70,80,32,74,93,85,–,73,43.2,79.42
72,https://a.espncdn.com/i/teamlogos/ncaa/500/99.png,https://a.espncdn.com/i/headshots/nfldraft/players/full/101544.png,WR,SR.,D.J.,Chark,–,–,101,68,48,64,56,113,67,82,62,99,71,20.6,75.55
73,https://a.espncdn.com/i/teamlogos/ncaa/500/344.png,https://a.espncdn.com/i/headshots/nfldraft/players/full/101529.png,OT,SR.,Martinas,Rankin,–,56,96,100,88,128,71,159,49,59,58,57,85,33.3,83.83
74,https://a.espncdn.com/i/teamlogos/ncaa/500/153.png,https://a.espncdn.com/i/headshots/nfldraft/players/full/101665.png,CB,SR.,M.J.,Stewart,–,66,85,70,92,77,64,70,97,–,69,–,76,11.3,76.6
75,https://a.espncdn.com/i/teamlogos/ncaa/500/2711.png,https://a.espncdn.com/i/headshots/nfldraft/players/full/101534.png,OT,SR.,Chukwuma,Okorafor,–,37,24,54,114,135,117,160,71,49,46,–,91,44.6,81.64
76,https://a.espncdn.com/i/teamlogos/ncaa/500/30.png,https://a.espncdn.com/i/headshots/nfldraft/players/full/101590.png,ED,SR.,Uchenna,Nwosu,–,79,–,48,49,73,75,110,57,65,75,–,97,19.7,72.8
77,https://a.espncdn.com/i/teamlogos/ncaa/500/221.png,https://a.espncdn.com/i/headshots/nfldraft/players/full/101769.png,OT,RS JR.,Brian,O'Neill,–,–,–,40,69,39,74,91,52,51,99,84,83,21.5,68.2
78,https://a.espncdn.com/i/teamlogos/ncaa/500/194.png,https://a.espncdn.com/i/headshots/nfldraft/players/full/101658.png,LB,JR.,Jerome,Baker,–,124,51,79,68,69,95,108,142,71,65,91,124,28.5,90.58
79,https://a.espncdn.com/i/teamlogos/ncaa/500/264.png,https://a.espncdn.com/i/headshots/nfldraft/players/full/101565.png,WR,SR.,Dante,Pettis,–,146,78,66,71,119,73,100,100,70,78,–,68,25.6,88.09
80,https://a.espncdn.com/i/teamlogos/ncaa/500/154.png,https://a.espncdn.com/i/headshots/nfldraft/players/full/101588.png,ED,RS SR.,Duke,Ejiofor,–,65,40,210,170,79,88,60,79,–,68,55,79,51.9,90.27
81,https://a.espncdn.com/i/teamlogos/ncaa/500/201.png,https://a.espncdn.com/i/headshots/nfldraft/players/full/101551.png,ED,SR.,Obo,Okoronkwo,–,15,58,61,95,62,116,40,75,74,–,–,89,28.5,68.5
82,https://a.espncdn.com/i/teamlogos/ncaa/500/228.png,https://a.espncdn.com/i/headshots/nfldraft/players/full/101579.png,WR,JR.,Deon,Cain,–,115,133,56,107,118,58,146,96,56,67,–,77,32.6,93.55
83,https://a.espncdn.com/i/teamlogos/ncaa/500/213.png,https://a.espncdn.com/i/headshots/nfldraft/players/full/101832.png,WR,RS SR.,DaeSean,Hamilton,–,111,115,144,82,55,84,76,117,–,94,97,84,24.3,96.27
84,https://a.espncdn.com/i/teamlogos/ncaa/500/2569.png,https://a.espncdn.com/i/headshots/nfldraft/players/full/101567.png,LB,SR.,Darius,Leonard,–,48,63,85,67,81,48,–,77,69,222,61,105,48.6,84.18
85,https://a.espncdn.com/i/teamlogos/ncaa/500/52.png,https://a.espncdn.com/i/headshots/nfldraft/players/full/101524.png,IDL,SR.,Derrick,Nnadi,–,78,87,104,60,130,77,118,124,–,59,88,151,30,97.82
86,https://a.espncdn.com/i/teamlogos/ncaa/500/164.png,https://a.espncdn.com/i/headshots/nfldraft/players/full/101736.png,ED,RS SR.,Kemoko,Turay,–,–,124,179,73,57,63,56,93,86,87,–,80,37.2,89.8
87,https://a.espncdn.com/i/teamlogos/ncaa/500/251.png,https://a.espncdn.com/i/headshots/nfldraft/players/full/101779.png,S,JR.,DeShon,Elliott,–,93,72,103,130,143,203,89,82,66,93,58,75,40.7,100.58
88,https://a.espncdn.com/i/teamlogos/ncaa/500/252.png,https://a.espncdn.com/i/headshots/nfldraft/players/full/101597.png,LB,SR.,Fred,Warner,–,90,37,218,98,43,101,161,81,–,82,–,67,54.5,97.8
89,https://a.espncdn.com/i/teamlogos/ncaa/500/277.png,https://a.espncdn.com/i/headshots/nfldraft/players/full/101678.png,S,SR.,Kyzir,White,–,126,111,53,116,104,60,81,129,85,88,–,165,32.6,101.64
90,https://a.espncdn.com/i/teamlogos/ncaa/500/84.png,https://a.espncdn.com/i/headshots/nfldraft/players/full/101623.png,TE,SR.,Ian,Thomas,–,139,–,89,101,85,40,177,87,73,113,–,72,38.3,97.6
91,https://a.espncdn.com/i/teamlogos/ncaa/500/57.png,https://a.espncdn.com/i/headshots/nfldraft/players/full/101697.png,CB,SR.,Duke,Dawson,–,–,99,84,70,78,90,183,141,–,86,74,88,35.5,99.3
92,https://a.espncdn.com/i/teamlogos/ncaa/500/2483.png,https://a.espncdn.com/i/headshots/nfldraft/players/full/101573.png,RB,SR.,Royce,Freeman,–,59,145,67,90,179,139,73,161,–,95,89,82,41.2,107.18
93,https://a.espncdn.com/i/teamlogos/ncaa/500/251.png,https://a.espncdn.com/i/headshots/nfldraft/players/full/101778.png,CB,JR.,Holton,Hill,–,41,67,101,74,102,133,209,103,–,150,–,78,48.2,105.8
94,https://a.espncdn.com/i/teamlogos/ncaa/500/259.png,https://a.espncdn.com/i/headshots/nfldraft/players/full/101732.png,OG,RS SR.,Wyatt,Teller,–,130,83,80,137,115,105,53,126,–,125,–,102,26.7,105.6
95,https://a.espncdn.com/i/teamlogos/ncaa/500/245.png,https://a.espncdn.com/i/headshots/nfldraft/players/full/101671.png,S,SR.,Armani,Watts,–,98,97,174,154,82,61,132,125,58,57,–,175,44.7,110.27
96,https://a.espncdn.com/i/teamlogos/ncaa/500/333.png,https://a.espncdn.com/i/headshots/nfldraft/players/full/101667.png,CB,SR.,Anthony,Averett,50,–,–,73,84,148,96,158,134,62,117,71,126,36.8,101.73
97,https://a.espncdn.com/i/teamlogos/ncaa/500/275.png,https://a.espncdn.com/i/headshots/nfldraft/players/full/101785.png,CB,JR.,Nick,Nelson,–,–,–,129,85,105,120,52,86,100,141,51,137,32.4,100.6
98,0,https://a.espncdn.com/i/headshots/nfldraft/players/full/101713.png,OT,SR.,Desmond,Harrison,–,119,116,71,103,94,82,175,180,77,140,95,119,35.6,114.25
99,https://a.espncdn.com/i/teamlogos/ncaa/500/152.png,https://a.espncdn.com/i/headshots/nfldraft/players/full/101722.png,IDL,SR.,B.J.,Hill,–,89,–,91,58,155,134,88,88,–,103,–,106,28.4,101.33
100,https://a.espncdn.com/i/teamlogos/ncaa/500/2390.png,https://a.espncdn.com/i/headshots/nfldraft/players/full/101651.png,ED,SR.,Chad,Thomas,–,77,–,155,162,88,104,93,127,90,97,73,149,32.2,110.45
101,https://a.espncdn.com/i/teamlogos/ncaa/500/2.png,https://a.espncdn.com/i/headshots/nfldraft/players/full/101848.png,ED,JR.,Jeff,Holland,–,67,138,120,156,–,131,133,107,80,92,66,127,30.5,110.64
102,https://a.espncdn.com/i/teamlogos/ncaa/500/2116.png,https://a.espncdn.com/i/headshots/nfldraft/players/full/101794.png,WR,RS JR.,Tre'Quan,Smith,–,58,129,93,86,186,109,94,151,94,191,–,108,42.1,118.09
103,https://a.espncdn.com/i/teamlogos/ncaa/500/152.png,https://a.espncdn.com/i/headshots/nfldraft/players/full/101790.png,RB,JR.,Nyheim,Hines,–,135,140,94,112,132,132,83,105,–,116,–,121,18.8,117
104,https://a.espncdn.com/i/teamlogos/ncaa/500/2294.png,https://a.espncdn.com/i/headshots/nfldraft/players/full/101569.png,LB,RS SR.,Josey,Jewell,–,–,–,69,91,92,190,75,83,–,145,–,60,44.3,100.63
105,https://a.espncdn.com/i/teamlogos/ncaa/500/213.png,https://a.espncdn.com/i/headshots/nfldraft/players/full/101683.png,S,SR.,Marcus,Allen,–,137,–,146,113,65,153,120,85,–,28,–,147,42.9,110.44
106,https://a.espncdn.com/i/teamlogos/ncaa/500/152.png,https://a.espncdn.com/i/headshots/nfldraft/players/full/101742.png,RB,SR.,Jaylen,Samuels,–,112,103,169,171,150,167,171,63,95,100,72,101,40.3,122.83
107,https://a.espncdn.com/i/teamlogos/ncaa/500/2116.png,https://a.espncdn.com/i/headshots/nfldraft/players/full/101691.png,LB,RS SR.,Shaquem,Griffin,–,–,128,138,174,90,195,87,91,98,44,–,98,44.9,114.3
108,https://a.espncdn.com/i/teamlogos/ncaa/500/2390.png,https://a.espncdn.com/i/headshots/nfldraft/players/full/101600.png,RB,JR.,Mark,Walton,–,100,121,112,97,112,160,124,122,–,135,–,109,18.3,119.2
109,https://a.espncdn.com/i/teamlogos/ncaa/500/228.png,https://a.espncdn.com/i/headshots/nfldraft/players/full/101804.png,LB,SR.,Dorian,O'Daniel,–,31,88,142,149,61,118,109,–,–,112,–,166,43.1,108.44
110,https://a.espncdn.com/i/teamlogos/ncaa/500/24.png,https://a.espncdn.com/i/headshots/nfldraft/players/full/101705.png,CB,JR.,Quenton,Meeks,–,92,102,51,213,147,239,126,110,–,63,–,66,63,120.9
111,https://a.espncdn.com/i/teamlogos/ncaa/500/257.png,https://a.espncdn.com/i/headshots/nfldraft/players/full/101735.png,QB,RS SR.,Kyle,Lauletta,–,109,74,127,66,91,243,47,197,–,154,–,118,61,122.6
112,https://a.espncdn.com/i/teamlogos/ncaa/500/68.png,https://a.espncdn.com/i/headshots/nfldraft/players/full/101833.png,WR,SR.,Cedrick,Wilson,–,99,132,136,134,97,155,64,186,–,137,–,114,33.9,125.4
113,https://a.espncdn.com/i/teamlogos/ncaa/500/2390.png,https://a.espncdn.com/i/headshots/nfldraft/players/full/101842.png,IDL,JR.,RJ,McIntosh,–,80,–,109,115,127,176,111,148,–,111,70,174,35.4,122.1
114,https://a.espncdn.com/i/teamlogos/ncaa/500/9.png,https://a.espncdn.com/i/headshots/nfldraft/players/full/101583.png,RB,SR.,Kalen,Ballage,–,82,119,75,121,165,216,119,163,–,130,78,157,43.4,129.55
115,https://a.espncdn.com/i/teamlogos/ncaa/500/58.png,https://a.espncdn.com/i/headshots/nfldraft/players/full/101711.png,IDL,RS SR.,Deadrin,Senat,–,–,–,139,77,59,110,163,131,–,98,–,115,33.7,111.5
116,https://a.espncdn.com/i/teamlogos/ncaa/500/259.png,https://a.espncdn.com/i/headshots/nfldraft/players/full/101847.png,S,RS JR.,Terrell,Edmunds,–,–,141,99,81,136,142,196,132,–,161,30,128,45.6,124.6
117,https://a.espncdn.com/i/teamlogos/ncaa/500/2306.png,"https://static.www.nfl.com/image/private/f_auto,q_auto/league/daxqb7dk9prm4agrq1cs",CB,JR.,D.J.,Reed,–,87,130,163,155,75,114,154,169,–,108,–,129,32.3,128.4
118,https://a.espncdn.com/i/teamlogos/ncaa/500/2633.png,https://a.espncdn.com/i/headshots/nfldraft/players/full/101852.png,CB,RS JR.,Rashaan,Gaulden,–,121,–,122,111,133,138,203,61,91,124,–,154,37.5,125.8
119,https://a.espncdn.com/i/teamlogos/ncaa/500/2633.png,https://a.espncdn.com/i/headshots/nfldraft/players/full/101777.png,RB,JR.,John,Kelly,–,–,71,170,159,68,125,144,101,–,146,–,136,36.8,124.44
120,https://a.espncdn.com/i/teamlogos/ncaa/500/258.png,https://a.espncdn.com/i/headshots/nfldraft/players/full/101716.png,IDL,SR.,Andrew,Brown,–,–,57,108,127,196,150,165,115,–,118,83,170,42.1,128.9
121,https://a.espncdn.com/i/teamlogos/ncaa/500/66.png,https://a.espncdn.com/i/headshots/nfldraft/players/full/101584.png,WR,SR.,Allen,Lazard,–,88,109,121,109,177,185,148,137,–,126,–,130,30.3,133
122,https://a.espncdn.com/i/teamlogos/ncaa/500/2628.png,https://a.espncdn.com/i/headshots/nfldraft/players/full/101813.png,OT,SR.,Joe,Noteboom,–,110,–,126,100,93,76,211,184,99,175,–,122,44.9,129.6
123,https://a.espncdn.com/i/teamlogos/ncaa/500/130.png,https://a.espncdn.com/i/headshots/nfldraft/players/full/101709.png,C,SR.,Mason,Cole,–,–,64,162,94,194,146,117,94,–,101,–,169,43,126.78
124,https://a.espncdn.com/i/teamlogos/ncaa/500/41.png,https://a.espncdn.com/i/headshots/nfldraft/players/full/101791.png,IDL,RS SR.,Folorunso,Fatukasi,–,–,93,124,128,87,87,172,158,–,164,–,133,33.1,127.33
125,https://a.espncdn.com/i/teamlogos/ncaa/500/194.png,https://a.espncdn.com/i/headshots/nfldraft/players/full/101562.png,ED,SR.,Tyquan,Lewis,–,–,90,272,99,99,122,77,119,–,159,–,113,58.9,127.78
126,https://a.espncdn.com/i/teamlogos/ncaa/500/2655.png,"https://static.www.nfl.com/image/private/f_auto,q_auto/league/mbucsfoybdkrbbnte2g3",CB,RS SR.,Parry,Nickerson,–,–,94,208,117,98,78,55,150,–,224,–,131,57.1,128.33
127,https://a.espncdn.com/i/teamlogos/ncaa/500/235.png,"https://static.www.nfl.com/image/private/f_auto,q_auto/league/r5gqqqa5udcwjuzmef6c",LB,SR.,Genard,Avery,–,106,68,322,142,40,217,131,109,–,131,–,95,80.5,136.1
128,https://a.espncdn.com/i/teamlogos/ncaa/500/2305.png,https://a.espncdn.com/i/headshots/nfldraft/players/full/101555.png,ED,JR.,Dorance,Armstrong Jr.,–,–,–,77,161,171,152,–,128,88,83,45,107,43.1,112.44
129,https://a.espncdn.com/i/teamlogos/ncaa/500/98.png,https://a.espncdn.com/i/headshots/nfldraft/players/full/101717.png,QB,SR.,Mike,White,–,–,–,83,120,164,100,80,168,–,171,–,100,38.8,123.25
130,https://a.espncdn.com/i/teamlogos/ncaa/500/333.png,https://a.espncdn.com/i/headshots/nfldraft/players/full/101566.png,IDL,SR.,Da'Shawn,Hand,–,–,–,49,132,–,83,200,78,–,121,–,86,49.5,107
131,https://a.espncdn.com/i/teamlogos/ncaa/500/221.png,https://a.espncdn.com/i/headshots/nfldraft/players/full/101681.png,S,JR.,Jordan,Whitehead,–,118,98,168,227,–,157,153,166,–,84,50,104,51.3,132.5
132,https://a.espncdn.com/i/teamlogos/ncaa/500/265.png,https://a.espncdn.com/i/headshots/nfldraft/players/full/101783.png,IDL,RS JR.,Hercules,Mata'afa,–,–,–,221,141,113,180,63,89,–,133,81,163,51,131.56
133,https://a.espncdn.com/i/teamlogos/ncaa/500/52.png,https://a.espncdn.com/i/headshots/nfldraft/players/full/101845.png,WR,JR.,Auden,Tate,–,68,77,176,192,–,163,182,113,–,81,85,218,56.3,135.5
134,https://a.espncdn.com/i/teamlogos/ncaa/500/84.png,https://a.espncdn.com/i/headshots/nfldraft/players/full/101560.png,LB,SR.,Tegray,Scales,–,117,89,156,194,–,113,197,155,–,77,–,103,44,133.44
135,https://a.espncdn.com/i/teamlogos/ncaa/500/197.png,https://a.espncdn.com/i/headshots/nfldraft/players/full/101587.png,WR,RS SR.,Marcell,Ateman,–,38,148,152,185,187,151,79,104,–,–,65,162,52.1,127.1
136,https://a.espncdn.com/i/teamlogos/ncaa/500/57.png,https://a.espncdn.com/i/headshots/nfldraft/players/full/101561.png,WR,JR.,Antonio,Callaway,–,–,–,198,119,117,149,61,170,–,158,–,90,44.7,132.75
137,https://a.espncdn.com/i/teamlogos/ncaa/500/2294.png,https://a.espncdn.com/i/headshots/nfldraft/players/full/101557.png,RB,SR.,Akrum,Wadley,–,144,–,128,144,163,162,173,165,–,138,79,143,26.8,143.9
138,https://a.espncdn.com/i/teamlogos/ncaa/500/61.png,https://a.espncdn.com/i/headshots/nfldraft/players/full/101593.png,IDL,JR.,Trenton,Thompson,–,–,–,119,169,–,103,135,144,87,170,69,177,38.7,130.33
139,https://a.espncdn.com/i/teamlogos/ncaa/500/26.png,https://a.espncdn.com/i/headshots/nfldraft/players/full/101839.png,WR,RS JR.,Jordan,Lasley,–,–,122,166,125,192,186,136,121,92,185,–,138,33.9,146.3
140,https://a.espncdn.com/i/teamlogos/ncaa/500/52.png,https://a.espncdn.com/i/headshots/nfldraft/players/full/101666.png,CB,JR.,Tarvarus,McFadden,–,–,–,107,145,–,177,227,84,89,91,–,112,50.7,129
141,https://a.espncdn.com/i/teamlogos/ncaa/500/194.png,https://a.espncdn.com/i/headshots/nfldraft/players/full/101556.png,ED,SR.,Jalyn,Holmes,–,–,–,114,89,134,81,157,149,–,250,–,139,52.5,139.13
142,https://a.espncdn.com/i/teamlogos/ncaa/500/142.png,https://a.espncdn.com/i/headshots/nfldraft/players/full/101571.png,WR,SR.,J'Mon,Moore,–,142,–,181,217,137,121,130,123,–,174,–,92,37.9,146.33
143,https://a.espncdn.com/i/teamlogos/ncaa/500/97.png,https://a.espncdn.com/i/headshots/nfldraft/players/full/101837.png,OT,JR.,Geron,Christian,–,148,–,–,64,188,147,145,76,81,221,56,70,57.9,119.6
144,https://a.espncdn.com/i/teamlogos/ncaa/500/145.png,https://a.espncdn.com/i/headshots/nfldraft/players/full/101766.png,IDL,RS JR.,Breeland,Speaks,–,116,–,151,75,125,107,222,152,–,172,–,211,48.2,147.89
145,https://a.espncdn.com/i/teamlogos/ncaa/500/265.png,https://a.espncdn.com/i/headshots/nfldraft/players/full/101541.png,QB,RS SR.,Luke,Falk,–,–,–,113,96,182,141,189,194,–,149,94,150,38.4,145.33
146,https://a.espncdn.com/i/teamlogos/ncaa/500/103.png,https://a.espncdn.com/i/headshots/nfldraft/players/full/101749.png,CB,SR.,Isaac,Yiadom,–,–,–,76,122,106,99,155,173,–,–,–,59,40.8,112.86
147,https://a.espncdn.com/i/teamlogos/ncaa/500/258.png,https://a.espncdn.com/i/headshots/nfldraft/players/full/101684.png,S,SR.,Quin,Blanding,–,83,134,158,208,–,213,82,111,–,123,–,196,51.2,145.33
148,https://a.espncdn.com/i/teamlogos/ncaa/500/152.png,https://a.espncdn.com/i/headshots/nfldraft/players/full/101846.png,OT,RS JR.,Will,Richardson,–,103,79,348,124,189,70,101,–,–,210,–,111,88.4,148.33
149,https://a.espncdn.com/i/teamlogos/ncaa/500/2641.png,https://a.espncdn.com/i/headshots/nfldraft/players/full/101780.png,WR,JR.,Keke,Coutee,–,–,–,132,129,178,144,96,200,–,162,–,117,33.8,144.75
150,https://a.espncdn.com/i/teamlogos/ncaa/500/2390.png,https://a.espncdn.com/i/headshots/nfldraft/players/full/101642.png,TE,SR.,Chris,Herndon,–,–,117,211,93,140,135,225,114,–,197,–,135,47,151.89
151,https://a.espncdn.com/i/teamlogos/ncaa/500/2572.png,"https://static.www.nfl.com/image/private/f_auto,q_auto/league/rb9ltcbqhrnll0xhgovl",S,SR.,Tarvarius,Moore,–,95,–,145,126,110,45,54,–,–,–,–,208,55.7,111.86
152,https://a.espncdn.com/i/teamlogos/ncaa/500/258.png,https://a.espncdn.com/i/headshots/nfldraft/players/full/101598.png,LB,RS SR.,Micah,Kiser,–,138,–,125,133,156,123,151,–,–,136,–,171,16.5,141.63
153,https://a.espncdn.com/i/teamlogos/ncaa/500/24.png,https://a.espncdn.com/i/headshots/nfldraft/players/full/101649.png,TE,RS JR.,Dalton,Schultz,–,–,–,87,181,180,68,–,157,–,206,80,110,53.6,133.63
154,https://a.espncdn.com/i/teamlogos/ncaa/500/84.png,https://a.espncdn.com/i/headshots/nfldraft/players/full/101755.png,WR,RS JR.,Simmie,Cobbs,–,–,–,102,173,–,257,239,133,97,109,59,125,66.7,143.78
155,0,https://a.espncdn.com/i/headshots/nfldraft/players/full/101733.png,OT,SR.,Alex,Cappa,–,–,66,290,164,96,148,–,98,–,110,–,144,68.9,139.5
156,https://a.espncdn.com/i/teamlogos/ncaa/500/152.png,https://a.espncdn.com/i/headshots/nfldraft/players/full/101585.png,ED,SR.,Kentavius,Street,–,–,126,164,195,95,164,–,112,–,190,77,185,43.9,145.33
157,https://a.espncdn.com/i/teamlogos/ncaa/500/2448.png,https://a.espncdn.com/i/headshots/nfldraft/players/full/101586.png,OT,SR.,Brandon,Parker,–,–,131,117,138,145,173,–,–,–,134,76,160,29.3,134.25
158,https://a.espncdn.com/i/teamlogos/ncaa/500/275.png,https://a.espncdn.com/i/headshots/nfldraft/players/full/101578.png,TE,RS SR.,Troy,Fumagalli,–,–,137,141,168,–,253,102,99,–,122,–,168,49.5,148.75
159,https://a.espncdn.com/i/teamlogos/ncaa/500/99.png,https://a.espncdn.com/i/headshots/nfldraft/players/full/101668.png,CB,JR.,Kevin,Toliver,–,–,–,148,135,198,102,–,106,–,201,68,158,46.7,139.5
160,https://a.espncdn.com/i/teamlogos/ncaa/500/30.png,https://a.espncdn.com/i/headshots/nfldraft/players/full/101648.png,WR,JR.,Deontay,Burnett,–,62,–,133,205,–,208,127,192,–,114,–,183,52.1,153
161,https://a.espncdn.com/i/teamlogos/ncaa/500/2534.png,"https://static.www.nfl.com/image/private/f_auto,q_auto/league/syhbyap3runjadqdj9a3",IDL,SR.,P.J.,Hall,–,–,–,188,157,109,85,121,80,–,282,–,236,73.2,157.25
162,https://a.espncdn.com/i/teamlogos/ncaa/500/87.png,https://a.espncdn.com/i/headshots/nfldraft/players/full/101849.png,RB,JR.,Josh,Adams,–,147,91,134,196,–,306,142,154,–,120,–,184,61.9,163.78
163,https://a.espncdn.com/i/teamlogos/ncaa/500/26.png,https://a.espncdn.com/i/headshots/nfldraft/players/full/101574.png,C,RS SR.,Scott,Quessenberry,–,136,149,110,151,114,115,–,–,–,258,–,167,48.2,150
164,https://a.espncdn.com/i/teamlogos/ncaa/500/2711.png,https://a.espncdn.com/i/headshots/nfldraft/players/full/101721.png,CB,SR.,Darius,Phillips,–,145,–,269,166,124,236,85,179,–,102,–,209,61.6,168.33
165,https://a.espncdn.com/i/teamlogos/ncaa/500/333.png,https://a.espncdn.com/i/headshots/nfldraft/players/full/101539.png,RB,JR.,Bo,Scarbrough,–,–,–,154,165,–,112,206,176,–,129,–,178,31.7,160
166,https://a.espncdn.com/i/teamlogos/ncaa/500/254.png,https://a.espncdn.com/i/headshots/nfldraft/players/full/101627.png,ED,RS SR.,Kylie,Fitts,–,–,123,161,202,89,202,181,–,–,218,–,172,43.6,168.5
167,https://a.espncdn.com/i/teamlogos/ncaa/500/87.png,https://a.espncdn.com/i/headshots/nfldraft/players/full/101617.png,TE,SR.,Durham,Smythe,–,–,–,157,186,138,108,–,120,–,216,–,159,37.5,154.86
168,https://a.espncdn.com/i/teamlogos/ncaa/500/120.png,https://a.espncdn.com/i/headshots/nfldraft/players/full/101758.png,CB,JR.,J.C.,Jackson,–,–,–,171,140,197,129,–,–,–,211,44,145,55,148.14
169,https://a.espncdn.com/i/teamlogos/ncaa/500/2567.png,https://a.espncdn.com/i/headshots/nfldraft/players/full/101773.png,WR,JR.,Trey,Quinn,–,140,–,222,153,–,234,125,139,–,215,–,140,44.5,171
170,https://a.espncdn.com/i/teamlogos/ncaa/500/275.png,https://a.espncdn.com/i/headshots/nfldraft/players/full/101596.png,LB,RS SR.,Jack,Cichy,–,–,73,186,209,200,207,150,147,–,226,–,216,48.5,179.33
171,https://a.espncdn.com/i/teamlogos/ncaa/500/21.png,https://a.espncdn.com/i/headshots/nfldraft/players/full/101771.png,S,SR.,Kameron,Kelly,–,71,–,118,176,–,245,–,–,–,106,–,116,62.1,138.67
172,https://a.espncdn.com/i/teamlogos/ncaa/500/166.png,https://a.espncdn.com/i/headshots/nfldraft/players/full/101636.png,WR,RS SR.,Jaleel,Scott,–,94,–,165,231,191,233,162,–,–,147,–,153,46,172
173,https://a.espncdn.com/i/teamlogos/ncaa/500/9.png,https://a.espncdn.com/i/headshots/nfldraft/players/full/101806.png,LB,RS JR.,Christian,Sam,–,–,–,149,179,122,168,–,135,–,200,–,164,26.6,159.57
174,https://a.espncdn.com/i/teamlogos/ncaa/500/238.png,https://a.espncdn.com/i/headshots/nfldraft/players/full/101594.png,LB,RS SR.,Oren,Burks,–,97,–,–,87,169,209,224,–,–,127,96,146,52.5,144.38
175,https://a.espncdn.com/i/teamlogos/ncaa/500/77.png,https://a.espncdn.com/i/headshots/nfldraft/players/full/101670.png,S,SR.,Godwin,Igwebuike,–,–,–,202,188,152,130,140,–,–,152,–,237,38.7,171.57
176,https://a.espncdn.com/i/teamlogos/ncaa/500/251.png,https://a.espncdn.com/i/headshots/nfldraft/players/full/101857.png,IDL,SR.,Poona,Ford,–,134,–,111,253,144,294,204,108,–,214,–,226,66.2,187.56
177,https://a.espncdn.com/i/teamlogos/ncaa/500/152.png,https://a.espncdn.com/i/headshots/nfldraft/players/full/101628.png,IDL,SR.,Justin,Jones,–,–,–,160,150,126,188,–,196,–,148,–,198,27.8,166.57
178,https://a.espncdn.com/i/teamlogos/ncaa/500/2579.png,https://a.espncdn.com/i/headshots/nfldraft/players/full/101610.png,LB,SR.,Skai,Moore,–,76,100,370,228,185,238,72,–,–,144,–,248,97.7,184.56
179,https://a.espncdn.com/i/teamlogos/ncaa/500/2390.png,https://a.espncdn.com/i/headshots/nfldraft/players/full/101803.png,IDL,JR.,Kendrick,Norton,–,–,82,140,242,–,119,–,187,–,179,–,195,53.4,163.43
180,https://a.espncdn.com/i/teamlogos/ncaa/500/221.png,https://a.espncdn.com/i/headshots/nfldraft/players/full/101865.png,CB,SR.,Avonte,Maddox,–,–,–,252,131,76,183,169,–,–,273,–,176,67.3,180
181,https://a.espncdn.com/i/teamlogos/ncaa/500/99.png,https://a.espncdn.com/i/headshots/nfldraft/players/full/101563.png,C,RS SR.,Will,Clapp,–,107,–,237,212,–,258,67,191,–,236,–,197,67.1,188.13
182,https://a.espncdn.com/i/teamlogos/ncaa/500/12.png,"https://static.www.nfl.com/image/private/f_auto,q_auto/league/yacfdsxzfiq8gqqhjitf",S,RS SR.,Dane,Cruikshank,–,–,110,243,246,121,206,–,145,–,251,–,132,60.9,181.75
183,https://a.espncdn.com/i/teamlogos/ncaa/500/251.png,https://a.espncdn.com/i/headshots/nfldraft/players/full/101843.png,P,JR.,Michael,Dickson,–,–,–,200,105,–,89,–,136,–,265,–,188,66.3,163.83
184,https://a.espncdn.com/i/teamlogos/ncaa/500/333.png,https://a.espncdn.com/i/headshots/nfldraft/players/full/101719.png,CB,SR.,Levi,Wallace,–,101,–,232,236,–,314,122,–,–,115,–,148,80.3,181.14
185,https://a.espncdn.com/i/teamlogos/ncaa/500/333.png,https://a.espncdn.com/i/headshots/nfldraft/players/full/101682.png,CB,SR.,Tony,Brown,–,–,–,105,224,190,210,–,138,–,184,–,212,43.5,180.43
186,https://a.espncdn.com/i/teamlogos/ncaa/500/145.png,https://a.espncdn.com/i/headshots/nfldraft/players/full/101622.png,ED,SR.,Marquis,Haynes,–,143,–,177,244,157,136,–,175,–,227,–,241,43.8,187.5
187,https://a.espncdn.com/i/teamlogos/ncaa/500/2655.png,https://a.espncdn.com/i/headshots/nfldraft/players/full/101580.png,ED,RS SR.,Ade,Aruna,–,–,139,291,200,167,261,–,159,–,153,–,134,58.4,188
188,https://a.espncdn.com/i/teamlogos/ncaa/500/99.png,https://a.espncdn.com/i/headshots/nfldraft/players/full/101792.png,OT,JR.,Toby,Weathersby,–,–,–,209,191,–,158,216,156,–,261,–,180,36.8,195.86
189,https://a.espncdn.com/i/teamlogos/ncaa/500/77.png,https://a.espncdn.com/i/headshots/nfldraft/players/full/101639.png,RB,SR.,Justin,Jackson,–,–,127,167,184,–,248,–,–,–,160,–,152,41.3,173
190,https://a.espncdn.com/i/teamlogos/ncaa/500/2026.png,https://a.espncdn.com/i/headshots/nfldraft/players/full/101810.png,OG,RS SR.,Colby,Gossett,–,–,106,391,172,116,196,137,–,–,–,–,161,97.1,182.71
191,https://a.espncdn.com/i/teamlogos/ncaa/500/213.png,https://a.espncdn.com/i/headshots/nfldraft/players/full/101676.png,CB,SR.,Chris,Campbell,–,–,150,374,187,108,343,–,–,–,192,93,99,109,193.25
192,https://a.espncdn.com/i/teamlogos/ncaa/500/55.png,https://a.espncdn.com/i/headshots/nfldraft/players/full/101692.png,S,SR.,Siran,Neal,–,–,118,207,182,–,175,–,–,–,176,–,213,33.7,178.5
193,https://a.espncdn.com/i/teamlogos/ncaa/500/275.png,https://a.espncdn.com/i/headshots/nfldraft/players/full/101824.png,LB,RS SR.,Leon,Jacobs,–,–,–,321,183,–,128,188,189,–,230,–,189,59.6,204
194,https://a.espncdn.com/i/teamlogos/ncaa/500/130.png,https://a.espncdn.com/i/headshots/nfldraft/players/full/101595.png,LB,SR.,Mike,McCray,–,–,–,147,257,–,178,223,130,–,252,–,251,53.3,205.43
195,https://a.espncdn.com/i/teamlogos/ncaa/500/2460.png,https://a.espncdn.com/i/headshots/nfldraft/players/full/101796.png,WR,SR.,Daurice,Fountain,–,–,–,349,104,142,200,174,–,–,242,–,231,79.5,206
196,https://a.espncdn.com/i/teamlogos/ncaa/500/61.png,https://a.espncdn.com/i/headshots/nfldraft/players/full/101734.png,WR,SR.,Javon,Wims,–,–,114,386,258,139,222,99,–,–,168,–,–,100.6,198
197,https://a.espncdn.com/i/teamlogos/ncaa/500/2393.png,"https://static.www.nfl.com/image/private/f_auto,q_auto/league/j059duufoacrya2x1cdc",WR,RS FR.,Richie,James,–,127,–,245,–,193,191,149,–,–,151,–,246,47,186
198,https://a.espncdn.com/i/teamlogos/ncaa/500/333.png,https://a.espncdn.com/i/headshots/nfldraft/players/full/101860.png,C,SR.,Bradley,Bozeman,–,61,–,143,289,–,211,201,–,–,245,–,–,80.3,191.67
199,https://a.espncdn.com/i/teamlogos/ncaa/500/265.png,https://a.espncdn.com/i/headshots/nfldraft/players/full/101737.png,OT,SR.,Cole,Madison,–,–,–,316,102,184,182,–,160,–,–,–,123,75.1,177.83
200,https://a.espncdn.com/i/teamlogos/ncaa/500/2572.png,"https://static.www.nfl.com/image/private/f_auto,q_auto/league/xcsqiy1vxcwwuksln0oc",RB,SR.,Ito,Smith,–,85,–,116,292,–,318,138,195,–,281,–,–,94,203.57
201,https://a.espncdn.com/i/teamlogos/ncaa/500/194.png,https://a.espncdn.com/i/headshots/nfldraft/players/full/101856.png,S,SR.,Damon,Webb,–,–,–,297,241,–,269,97,171,–,156,–,247,71.4,211.14
202,https://a.espncdn.com/i/teamlogos/ncaa/500/2117.png,"https://static.www.nfl.com/image/private/f_auto,q_auto/league/mkcj5cgqyojal4thrugm",ED,SR.,Joe,Ostman,–,–,142,355,329,–,174,90,190,–,259,–,207,90.8,218.25
203,https://a.espncdn.com/i/teamlogos/ncaa/500/52.png,https://a.espncdn.com/i/headshots/nfldraft/players/full/101576.png,TE,RS JR.,Ryan,Izzo,–,–,–,173,178,–,192,–,–,–,180,–,200,11.1,184.6
204,https://a.espncdn.com/i/teamlogos/ncaa/500/52.png,https://a.espncdn.com/i/headshots/nfldraft/players/full/101609.png,LB,RS SR.,Matthew,Thomas,–,–,143,215,312,168,273,198,–,–,167,–,–,61.4,210.86
205,https://a.espncdn.com/i/teamlogos/ncaa/500/2692.png,https://a.espncdn.com/i/headshots/nfldraft/players/full/101714.png,CB,SR.,Taron,Johnson,–,–,–,199,143,–,189,–,–,–,220,–,186,28.2,187.4
206,https://a.espncdn.com/i/teamlogos/ncaa/500/6.png,https://a.espncdn.com/i/headshots/nfldraft/players/full/101718.png,S,SR.,Jeremy,Reaves,–,141,104,–,232,181,324,194,–,–,209,–,201,65,198.25
207,https://a.espncdn.com/i/teamlogos/ncaa/500/2641.png,https://a.espncdn.com/i/headshots/nfldraft/players/full/101635.png,WR,RS SR.,Dylan,Cantrell,–,–,–,201,248,154,300,141,–,–,298,–,204,63.9,220.86
208,https://a.espncdn.com/i/teamlogos/ncaa/500/333.png,https://a.espncdn.com/i/headshots/nfldraft/players/full/101606.png,LB,SR.,Shaun,Dion Hamilton,–,–,92,314,215,–,333,184,199,–,229,–,255,76.2,227.63
209,https://a.espncdn.com/i/teamlogos/ncaa/500/127.png,https://a.espncdn.com/i/headshots/nfldraft/players/full/101619.png,C,SR.,Brian,Allen,–,–,120,257,197,–,262,205,–,–,263,–,252,52.8,222.29
210,https://a.espncdn.com/i/teamlogos/ncaa/500/221.png,https://a.espncdn.com/i/headshots/nfldraft/players/full/101602.png,WR,SR.,Jester,Weah,–,132,–,224,226,–,224,176,–,–,277,–,–,49.8,209.83
211,https://a.espncdn.com/i/teamlogos/ncaa/500/2390.png,https://a.espncdn.com/i/headshots/nfldraft/players/full/101761.png,WR,SR.,Braxton,Berrios,–,–,–,270,220,175,214,–,162,–,202,–,–,38.1,207.17
212,https://a.espncdn.com/i/teamlogos/ncaa/500/213.png,https://a.espncdn.com/i/headshots/nfldraft/players/full/101851.png,S,SR.,Troy,Apke,–,–,–,236,118,153,303,247,–,–,241,–,–,68,216.33
213,https://a.espncdn.com/i/teamlogos/ncaa/500/97.png,https://a.espncdn.com/i/headshots/nfldraft/players/full/101531.png,ED,SR.,Trevon,Young,–,149,–,106,214,–,221,–,–,–,285,–,–,69.2,195
214,https://a.espncdn.com/i/teamlogos/ncaa/500/2117.png,https://a.espncdn.com/i/headshots/nfldraft/players/full/101614.png,TE,SR.,Tyler,Conklin,–,–,112,–,147,–,145,230,–,–,284,–,233,66.7,191.83
215,https://a.espncdn.com/i/teamlogos/ncaa/500/235.png,https://a.espncdn.com/i/headshots/nfldraft/players/full/101591.png,QB,SR.,Riley,Ferguson,–,–,–,150,307,–,295,–,185,–,166,–,203,67.1,217.67
216,https://a.espncdn.com/i/teamlogos/ncaa/500/25.png,"https://static.www.nfl.com/image/private/f_auto,q_auto/league/vruukb2fwepixcv5bt1z",IDL,SR.,James,Looney,–,–,80,197,325,166,242,–,–,–,–,–,215,81.3,204.17
217,https://a.espncdn.com/i/teamlogos/ncaa/500/213.png,"https://static.www.nfl.com/image/private/f_auto,q_auto/league/jl9ogprhdwhgloqm3qdk",CB,SR.,Grant,Haley,–,–,–,359,201,120,252,–,–,–,238,–,156,83.8,221
218,https://a.espncdn.com/i/teamlogos/ncaa/500/275.png,"https://static.www.nfl.com/image/private/f_auto,q_auto/league/kaiv3aidekhdcymquu4v",S,SR.,Natrell,Jamerson,–,–,–,306,167,103,247,164,–,–,–,–,–,79.4,197.4
219,https://a.espncdn.com/i/teamlogos/ncaa/500/276.png,https://a.espncdn.com/i/headshots/nfldraft/players/full/101829.png,QB,JR.,Chase,Litton,–,–,144,137,245,–,413,241,–,–,255,–,221,91.5,236.57
220,https://a.espncdn.com/i/teamlogos/ncaa/500/201.png,https://a.espncdn.com/i/headshots/nfldraft/players/full/101739.png,FB,SR.,Dimitri,Flowers,–,–,–,204,254,–,140,–,172,–,–,–,214,43.2,196.8
221,https://a.espncdn.com/i/teamlogos/ncaa/500/2.png,"https://static.www.nfl.com/image/private/f_auto,q_auto/league/cbslqxucigprm9yq5pxf",K,SR.,Daniel,Carlson,–,–,–,226,158,–,259,–,–,–,249,–,182,43.4,214.8
222,https://a.espncdn.com/i/teamlogos/ncaa/500/2230.png,"https://static.www.nfl.com/image/private/f_auto,q_auto/league/iehezaf1gapzfbtgt2x1",RB,SR.,Chase,Edmonds,–,–,–,303,–,141,204,–,–,–,165,–,155,65.5,193.6
223,https://a.espncdn.com/i/teamlogos/ncaa/500/9.png,https://a.espncdn.com/i/headshots/nfldraft/players/full/101793.png,OG,RS JR.,Sam,Jones,–,–,–,325,180,–,329,213,–,–,183,–,179,72.5,234.83
224,https://a.espncdn.com/i/teamlogos/ncaa/500/254.png,https://a.espncdn.com/i/headshots/nfldraft/players/full/101624.png,WR,SR.,Darren,Carrington,–,–,–,328,320,–,154,215,–,–,178,–,223,72.4,236.33
225,https://a.espncdn.com/i/teamlogos/ncaa/500/2567.png,https://a.espncdn.com/i/headshots/nfldraft/players/full/101801.png,ED,SR.,Justin,Lawler,–,84,–,309,238,–,417,106,–,–,291,–,244,116.2,241.29
226,https://a.espncdn.com/i/teamlogos/ncaa/500/259.png,"https://static.www.nfl.com/image/private/f_auto,q_auto/league/xokhit91pb0pos6iev4c",CB,SR.,Greg,Stroman,–,64,–,323,–,–,228,78,–,–,–,–,245,112.4,187.6
227,https://a.espncdn.com/i/teamlogos/ncaa/500/2572.png,"https://static.www.nfl.com/image/private/f_auto,q_auto/league/puyjhebobhnnjb9evluk",WR,RS JR.,Korey,Robertson,–,–,–,276,–,–,382,202,146,–,132,–,192,93.5,221.67
228,https://a.espncdn.com/i/teamlogos/ncaa/500/153.png,"https://static.www.nfl.com/image/private/f_auto,q_auto/league/n5vjri8v7foftpfqkhnv",LB,JR.,Andre,Smith,–,–,–,273,259,–,165,–,182,–,195,–,–,48.2,214.8
229,https://a.espncdn.com/i/teamlogos/ncaa/500/259.png,https://a.espncdn.com/i/headshots/nfldraft/players/full/101680.png,CB,RS SR.,Brandon,Facyson,–,–,–,192,275,151,255,–,–,–,208,–,–,49.7,216.2
230,https://a.espncdn.com/i/teamlogos/ncaa/500/304.png,https://a.espncdn.com/i/headshots/nfldraft/players/full/101577.png,OG,SR.,Skyler,Phillips,–,–,–,375,229,–,171,–,–,–,198,–,141,91.1,222.8
231,https://a.espncdn.com/i/teamlogos/ncaa/500/142.png,"https://static.www.nfl.com/image/private/f_auto,q_auto/league/bnwizcxrhkjp1rie4faq",ED,SR.,Marcell,Frazier,–,–,–,131,310,–,198,–,–,–,254,–,224,66.4,223.4
232,https://a.espncdn.com/i/teamlogos/ncaa/500/48.png,"https://static.www.nfl.com/image/private/f_auto,q_auto/league/g7dvfkvcv15l9gqjgi6q",IDL,SR.,Bilal,Nichols,–,–,–,299,163,111,237,–,–,–,–,–,240,73.4,210
233,https://a.espncdn.com/i/teamlogos/ncaa/500/2294.png,https://a.espncdn.com/i/headshots/nfldraft/players/full/101724.png,OG,SR.,Sean,Welsh,–,–,–,266,177,–,268,–,153,–,239,–,–,52.7,220.6
234,https://a.espncdn.com/i/teamlogos/ncaa/500/258.png,https://a.espncdn.com/i/headshots/nfldraft/players/full/101616.png,QB,RS SR.,Kurt,Benkert,–,–,–,213,249,–,346,235,–,–,182,–,238,55.4,243.83
235,https://a.espncdn.com/i/teamlogos/ncaa/500/2649.png,https://a.espncdn.com/i/headshots/nfldraft/players/full/101859.png,QB,SR.,Logan,Woodside,–,–,–,233,210,183,359,190,–,–,278,–,–,66.7,242.17
236,https://a.espncdn.com/i/teamlogos/ncaa/500/204.png,https://a.espncdn.com/i/headshots/nfldraft/players/full/101768.png,RB,JR.,Ryan,Nall,–,–,–,267,299,199,397,210,–,–,187,–,205,75.8,252
237,https://a.espncdn.com/i/teamlogos/ncaa/500/55.png,"https://static.www.nfl.com/image/private/f_auto,q_auto/league/c3jygikdphpwn3unz8ap",RB,SR.,Roc,Thomas,–,–,–,172,–,–,272,–,193,–,205,–,199,37.8,208.2
238,https://a.espncdn.com/i/teamlogos/ncaa/500/228.png,https://a.espncdn.com/i/headshots/nfldraft/players/full/101750.png,OG,RS JR.,Taylor,Hearn,–,–,–,–,277,–,194,–,118,–,173,–,210,57.8,194.4
239,https://a.espncdn.com/i/teamlogos/ncaa/500/333.png,https://a.espncdn.com/i/headshots/nfldraft/players/full/101853.png,P,SR.,JK,Scott,–,–,–,336,211,–,111,–,198,–,–,–,228,80.5,216.8
240,https://a.espncdn.com/i/teamlogos/ncaa/500/197.png,https://a.espncdn.com/i/headshots/nfldraft/players/full/101673.png,S,RS SR.,Tre,Flowers,–,–,–,346,221,–,201,–,140,–,223,–,–,74.9,226.2
241,https://a.espncdn.com/i/teamlogos/ncaa/500/152.png,https://a.espncdn.com/i/headshots/nfldraft/players/full/101866.png,OG,SR.,Tony,Adams,–,–,147,–,335,–,98,192,–,–,–,–,173,88.9,189
242,https://a.espncdn.com/i/teamlogos/ncaa/500/309.png,https://a.espncdn.com/i/headshots/nfldraft/players/full/101689.png,S,SR.,Tracy,Walker,–,102,–,342,146,–,161,–,–,–,–,–,–,105.8,187.75
243,https://a.espncdn.com/i/teamlogos/ncaa/500/62.png,https://a.espncdn.com/i/headshots/nfldraft/players/full/101632.png,OT,SR.,Dejon,Allen,–,–,–,–,278,129,218,170,–,–,–,–,191,55.7,197.2
244,https://a.espncdn.com/i/teamlogos/ncaa/500/2306.png,https://a.espncdn.com/i/headshots/nfldraft/players/full/101757.png,WR,JR.,Byron,Pringle,–,–,–,235,280,–,235,244,–,–,212,–,–,24.7,241.2
245,https://a.espncdn.com/i/teamlogos/ncaa/500/264.png,"https://static.www.nfl.com/image/private/f_auto,q_auto/league/sa2ih6dls06oy4hn7nrm",C,RS SR.,Coleman,Shelton,–,125,–,214,281,–,319,–,–,–,–,–,181,77.5,224
246,https://a.espncdn.com/i/teamlogos/ncaa/500/61.png,https://a.espncdn.com/i/headshots/nfldraft/players/full/101726.png,ED,RS SR.,Davin,Bellamy,–,–,–,256,189,–,347,–,183,–,193,–,–,69.9,233.6
247,https://a.espncdn.com/i/teamlogos/ncaa/500/2.png,"https://static.www.nfl.com/image/private/f_auto,q_auto/league/ssslhflvjkpcgybbz6gb",S,SR.,Stephen,Roberts,–,–,–,254,203,–,169,226,–,–,–,–,–,36,213
248,https://a.espncdn.com/i/teamlogos/ncaa/500/57.png,"https://static.www.nfl.com/image/private/f_auto,q_auto/league/aemy71thbirxxjly2cbl",K,JR.,Eddy,Pineiro,–,–,–,195,–,–,278,–,178,–,253,–,232,41,227.2
249,https://a.espncdn.com/i/teamlogos/ncaa/500/254.png,https://a.espncdn.com/i/headshots/nfldraft/players/full/101547.png,IDL,SR.,Lowell,Lotulelei,–,–,–,159,261,170,412,–,–,–,207,–,–,103.1,241.8
250,https://a.espncdn.com/i/teamlogos/ncaa/500/2582.png,https://a.espncdn.com/i/headshots/nfldraft/players/full/101685.png,CB,SR.,Danny,Johnson,–,–,113,–,175,–,291,–,–,–,247,–,235,69.2,212.2
251,https://a.espncdn.com/i/teamlogos/ncaa/500/2287.png,"https://static.www.nfl.com/image/private/f_auto,q_auto/league/o1dlrzb4hlfokfzpi6tl",CB,RS SR.,Davontae,Harris,–,–,–,287,–,–,137,–,–,–,244,–,187,65.5,213.75
252,https://a.espncdn.com/i/teamlogos/ncaa/500/24.png,"https://static.www.nfl.com/image/private/f_auto,q_auto/league/d3jmgpwpxhln90nwgnto",LB,-,Peter,Kalambayi,–,–,–,248,273,–,187,–,–,–,233,–,–,36.2,235.25
253,https://a.espncdn.com/i/teamlogos/ncaa/500/213.png,https://a.espncdn.com/i/headshots/nfldraft/players/full/101786.png,OG,SR.,Brendan,Mahon,–,–,–,130,247,–,181,–,–,–,–,–,–,58.7,186
254,https://a.espncdn.com/i/teamlogos/ncaa/500/99.png,"https://static.www.nfl.com/image/private/f_auto,q_auto/league/yquu155avkg5rt3ipcym",RB,SR.,Darrel,Williams,–,–,–,217,315,–,156,–,–,–,267,–,–,68.1,238.75
255,https://a.espncdn.com/i/teamlogos/ncaa/500/349.png,https://a.espncdn.com/i/headshots/nfldraft/players/full/101818.png,OT,SR.,Brett,Toth,–,–,–,399,309,–,226,–,164,–,268,–,227,81.3,265.5
256,https://a.espncdn.com/i/teamlogos/ncaa/500/2116.png,https://a.espncdn.com/i/headshots/nfldraft/players/full/101789.png,TE,SR.,Jordan,Akins,–,–,–,–,152,–,263,166,–,–,–,–,220,51.1,200.25
257,0,https://a.espncdn.com/i/headshots/nfldraft/players/full/101695.png,CB,SR.,Michael,Joseph,–,–,–,223,230,–,246,–,–,–,280,–,–,25.4,244.75
258,https://a.espncdn.com/i/teamlogos/ncaa/500/194.png,https://a.espncdn.com/i/headshots/nfldraft/players/full/101634.png,TE,SR.,Marcus,Baugh,–,–,146,262,284,–,458,–,174,–,272,–,–,109.6,266
259,https://a.espncdn.com/i/teamlogos/ncaa/500/2449.png,https://a.espncdn.com/i/headshots/nfldraft/players/full/101723.png,LB,RS SR.,Nick,DeLuca,–,–,–,360,190,–,446,–,90,–,234,–,–,140.5,264
260,https://a.espncdn.com/i/teamlogos/ncaa/500/61.png,https://a.espncdn.com/i/headshots/nfldraft/players/full/101740.png,IDL,RS SR.,John,Atkins,–,–,–,229,233,–,302,–,181,–,–,–,–,49.8,236.25
261,https://a.espncdn.com/i/teamlogos/ncaa/500/2390.png,https://a.espncdn.com/i/headshots/nfldraft/players/full/101738.png,OG,SR.,K.C.,McDermott,–,–,–,250,268,–,404,–,–,–,194,–,229,80.3,269
262,https://a.espncdn.com/i/teamlogos/ncaa/500/264.png,"https://static.www.nfl.com/image/private/f_auto,q_auto/league/lwloqdxjc4rppp8f8ocq",TE,SR.,Will,Dissly,–,–,–,–,160,195,205,–,–,–,295,–,–,57.5,213.75
263,https://a.espncdn.com/i/teamlogos/ncaa/500/311.png,https://a.espncdn.com/i/headshots/nfldraft/players/full/101827.png,OT,SR.,Jamil,Demby,–,–,–,–,255,–,143,–,–,–,293,–,194,66.2,221.25
264,https://a.espncdn.com/i/teamlogos/ncaa/500/9.png,https://a.espncdn.com/i/headshots/nfldraft/players/full/101802.png,IDL,JR.,JoJo,Wicker,–,–,–,242,267,–,266,–,–,–,248,–,–,12.7,255.75
265,https://a.espncdn.com/i/teamlogos/ncaa/500/145.png,"https://static.www.nfl.com/image/private/f_auto,q_auto/league/s09tv7c6jgtuclbw9x9i",RB,SR.,Jordan,Wilkins,–,–,–,239,301,–,223,–,–,–,–,–,230,35.8,248.25
266,https://a.espncdn.com/i/teamlogos/ncaa/500/344.png,"https://static.www.nfl.com/image/private/f_auto,q_auto/league/wwet5jox5fsr8plh5dyl",TE,SR.,Jordan,Thomas,–,–,–,315,314,–,274,–,–,–,228,–,243,39.9,274.8
267,https://a.espncdn.com/i/teamlogos/ncaa/500/2571.png,https://a.espncdn.com/i/headshots/nfldraft/players/full/101625.png,WR,SR.,Jake,Wieneke,–,–,–,295,274,–,311,–,–,–,155,–,–,70.8,258.75
268,https://a.espncdn.com/i/teamlogos/ncaa/500/2633.png,https://a.espncdn.com/i/headshots/nfldraft/players/full/101811.png,IDL,JR.,Kahlil,McKenzie,–,–,–,194,304,–,284,–,–,–,262,–,–,47.8,261
269,https://a.espncdn.com/i/teamlogos/ncaa/500/2617.png,"https://static.www.nfl.com/image/private/f_auto,q_auto/league/hk3tbit3iufqvihh7lqd",ED,SR.,John,Franklin-Myers,–,–,–,320,300,–,199,–,–,–,–,–,190,67.3,252.25
270,https://a.espncdn.com/i/teamlogos/ncaa/500/2619.png,https://a.espncdn.com/i/headshots/nfldraft/players/full/101604.png,OG,SR.,Timon,Parris,–,–,–,–,204,–,172,–,–,–,–,–,142,31,172.67
271,https://a.espncdn.com/i/teamlogos/ncaa/500/38.png,"https://static.www.nfl.com/image/private/f_auto,q_auto/league/wqdcofp3o2qklchxrywo",RB,SR.,Phillip,Lindsay,–,–,–,227,–,–,184,214,–,–,–,–,–,22.1,208.33
272,https://a.espncdn.com/i/teamlogos/ncaa/500/2628.png,https://a.espncdn.com/i/headshots/nfldraft/players/full/101844.png,OT,SR.,Matt,Pryor,–,–,–,–,136,–,170,–,–,–,–,–,222,43.3,176
273,https://a.espncdn.com/i/teamlogos/ncaa/500/2032.png,"https://static.www.nfl.com/image/private/f_auto,q_auto/league/jxwdmizu5d1weqrriuwj",ED,SR.,Ja'Von,Rolland-Jones,–,–,–,–,336,–,323,250,–,–,177,–,219,67.8,261
274,https://a.espncdn.com/i/teamlogos/ncaa/500/2294.png,"https://static.www.nfl.com/image/private/f_auto,q_auto/league/gyq9zkvjyoxan84r5lhi",OG,SR.,Ike,Boettger,–,–,–,153,–,–,212,–,–,–,–,–,250,48.9,205
275,https://a.espncdn.com/i/teamlogos/ncaa/500/213.png,https://a.espncdn.com/i/headshots/nfldraft/players/full/101814.png,LB,SR.,Jason,Cabinda,–,120,–,234,311,–,344,–,–,–,–,–,–,99.5,252.25
276,https://a.espncdn.com/i/teamlogos/ncaa/500/2649.png,"https://static.www.nfl.com/image/private/f_auto,q_auto/league/uqg3xwhtanhymlsvwa3d",ED,RS JR.,Ola,Adeniyi,–,–,–,249,–,–,305,221,–,–,–,–,234,37,252.25
277,https://a.espncdn.com/i/teamlogos/ncaa/500/2545.png,https://a.espncdn.com/i/headshots/nfldraft/players/full/101774.png,OG,JR.,Maea,Teuhema,–,–,105,332,222,–,473,–,–,–,–,–,239,137.3,274.2
278,https://a.espncdn.com/i/teamlogos/ncaa/500/62.png,https://a.espncdn.com/i/headshots/nfldraft/players/full/101694.png,S,SR.,Trayvon,Henderson,–,–,–,–,219,–,193,–,–,–,186,–,–,17.4,199.33
279,https://a.espncdn.com/i/teamlogos/ncaa/500/219.png,"https://static.www.nfl.com/image/private/f_auto,q_auto/league/ag9n98e4jzrabwsqhi5s",WR,SR.,Justin,Watson,–,–,–,358,–,–,159,–,–,–,–,–,120,127.6,212.33
280,https://a.espncdn.com/i/teamlogos/ncaa/500/58.png,https://a.espncdn.com/i/headshots/nfldraft/players/full/101850.png,WR,SR.,Marquez,Valdes-Scantling,–,–,–,–,243,–,225,–,–,–,237,–,256,12.9,240.25
281,https://a.espncdn.com/i/teamlogos/ncaa/500/228.png,https://a.espncdn.com/i/headshots/nfldraft/players/full/101800.png,WR,JR.,Ray-Ray,McCloud,–,–,–,343,291,–,406,–,188,–,199,–,–,93.3,285.4
282,https://a.espncdn.com/i/teamlogos/ncaa/500/5.png,https://media.pff.com/player-photos/nfl/55724.png,CB,RS SR.,Darious,Williams,–,114,–,–,–,161,–,104,–,–,139,–,–,25.6,129.5
283,https://a.espncdn.com/i/teamlogos/ncaa/500/2110.png,"https://static.www.nfl.com/image/private/f_auto,q_auto/league/v6dtk42ulo0dcmkksu56",CB,SR.,Tremon,Smith,–,–,–,–,148,173,232,–,–,–,–,–,–,43.1,184.33
284,https://a.espncdn.com/i/teamlogos/ncaa/500/221.png,https://a.espncdn.com/i/headshots/nfldraft/players/full/101858.png,OT,RS SR.,Jaryd,Jones-Smith,–,–,–,–,264,–,126,–,–,–,–,–,193,69,194.33
285,https://a.espncdn.com/i/teamlogos/ncaa/500/2641.png,"https://static.www.nfl.com/image/private/f_auto,q_auto/league/o6uykvm6qsvni3fgr3rs",QB,RS SR.,Nic,Shimonek,–,–,–,302,–,–,376,234,–,–,287,–,249,55.6,289.6
286,https://a.espncdn.com/i/teamlogos/ncaa/500/155.png,https://a.espncdn.com/i/headshots/nfldraft/players/full/101674.png,S,SR.,Cole,Reyes,–,–,–,260,282,–,308,–,–,–,289,–,–,19.8,284.75
287,https://a.espncdn.com/i/teamlogos/ncaa/500/2483.png,"https://static.www.nfl.com/image/private/f_auto,q_auto/league/ji9tksaubxiqdzkqkote",CB,SR.,Arrion,Springs,–,133,–,–,–,–,373,179,–,–,257,–,–,105,235.5
288,https://a.espncdn.com/i/teamlogos/ncaa/500/197.png,"https://static.www.nfl.com/image/private/f_auto,q_auto/league/nnhu6sjwvvluen4aesb0",OT,SR.,Zachary,Crabtree,–,–,–,372,–,–,297,207,–,–,–,–,206,80,270.5
289,https://a.espncdn.com/i/teamlogos/ncaa/500/201.png,https://a.espncdn.com/i/headshots/nfldraft/players/full/101809.png,IDL,RS SO.,Du'Vonta,Lampkin,–,–,–,184,296,–,288,–,–,–,–,–,–,62.5,256
290,https://a.espncdn.com/i/teamlogos/ncaa/500/158.png,https://a.espncdn.com/i/headshots/nfldraft/players/full/101764.png,QB,JR.,Tanner,Lee,–,–,–,219,235,–,416,–,–,–,–,–,254,91.1,281
291,https://a.espncdn.com/i/teamlogos/ncaa/500/2.png,https://a.espncdn.com/i/headshots/nfldraft/players/full/101746.png,S,SR.,Tray,Matthews,–,150,–,–,279,–,179,–,–,–,–,–,–,67.7,202.67
292,https://a.espncdn.com/i/teamlogos/ncaa/500/43.png,"https://static.www.nfl.com/image/private/f_auto,q_auto/league/default_prospect_headshot",S,SR.,Foyesade,Oluokun,–,–,–,–,–,159,279,147,–,–,–,–,–,73,195
293,https://a.espncdn.com/i/teamlogos/ncaa/500/57.png,https://a.espncdn.com/i/headshots/nfldraft/players/full/101855.png,P,SR.,Johnny,Townsend,–,–,–,238,234,–,316,–,–,–,–,–,–,46.2,262.67
294,https://a.espncdn.com/i/teamlogos/ncaa/500/2579.png,"https://static.www.nfl.com/image/private/f_auto,q_auto/league/qowosu0zmid84deco3r4",IDL,SR.,Taylor,Stallworth,–,–,–,312,251,–,230,–,–,–,–,–,–,42.6,264.33
295,https://a.espncdn.com/i/teamlogos/ncaa/500/93.png,https://a.espncdn.com/i/headshots/nfldraft/players/full/101688.png,CB,SR.,D'Montre,Wade,–,–,–,353,198,–,270,–,–,–,–,–,–,77.6,273.67
296,https://a.espncdn.com/i/teamlogos/ncaa/500/98.png,"https://static.www.nfl.com/image/private/f_auto,q_auto/league/zwfmaw91zaooo5aoxi34",LB,RS JR.,Joel,Iyiegbuniwe,–,–,–,333,–,–,249,–,177,–,–,–,–,78.1,253
297,https://a.espncdn.com/i/teamlogos/ncaa/500/2579.png,https://a.espncdn.com/i/headshots/nfldraft/players/full/101863.png,CB,SR.,JaMarcus,King,–,–,–,–,256,–,244,232,–,–,–,–,–,12,244
298,https://a.espncdn.com/i/teamlogos/ncaa/500/158.png,https://a.espncdn.com/i/headshots/nfldraft/players/full/101763.png,OT,RS JR.,Nick,Gates,–,–,–,–,262,–,335,–,–,–,296,–,225,47,279.5
299,https://a.espncdn.com/i/teamlogos/ncaa/500/84.png,https://a.espncdn.com/i/headshots/nfldraft/players/full/101672.png,CB,RS SR.,Rashard,Fant,–,–,–,–,218,–,296,–,–,–,235,–,–,41,249.67
300,https://a.espncdn.com/i/teamlogos/ncaa/500/2247.png,https://a.espncdn.com/i/headshots/nfldraft/players/full/101687.png,CB,SR.,Chandon,Sullivan,–,–,–,–,193,–,275,–,–,–,283,–,–,49.8,250.33
301,https://a.espncdn.com/i/teamlogos/ncaa/500/41.png,https://a.espncdn.com/i/headshots/nfldraft/players/full/101679.png,S,SR.,Jamar,Summers,–,–,–,352,317,–,371,–,–,–,213,–,–,70.5,313.25
302,https://a.espncdn.com/i/teamlogos/ncaa/500/2628.png,https://a.espncdn.com/i/headshots/nfldraft/players/full/101867.png,RB,SR.,Kyle,Hicks,–,–,–,264,338,–,428,–,–,–,231,–,–,87.5,315.25
303,https://a.espncdn.com/i/teamlogos/ncaa/500/221.png,https://a.espncdn.com/i/headshots/nfldraft/players/full/101645.png,WR,SR.,Quadree,Henderson,–,–,–,–,327,–,251,–,–,–,203,–,–,62.5,260.33
304,https://a.espncdn.com/i/teamlogos/ncaa/500/23.png,"https://static.www.nfl.com/image/private/f_auto,q_auto/league/fegtihzdnkm5yfdhvh5r",CB,SR.,Andre,Chachere,–,–,–,–,250,–,299,–,–,–,232,–,–,34.7,260.33
305,https://a.espncdn.com/i/teamlogos/ncaa/500/58.png,"https://static.www.nfl.com/image/private/f_auto,q_auto/league/default_prospect_headshot",IDL,SR.,Bruce,Hector,–,–,–,258,–,–,332,–,–,–,271,–,–,39.5,287
306,https://a.espncdn.com/i/teamlogos/ncaa/500/21.png,"https://static.www.nfl.com/image/private/f_auto,q_auto/league/tv5322paezvyturpas40",TE,SR.,David,Wells,–,–,–,347,223,–,312,–,–,–,–,–,–,63.9,294
307,https://a.espncdn.com/i/teamlogos/ncaa/500/2509.png,https://a.espncdn.com/i/headshots/nfldraft/players/full/101817.png,IDL,JR.,Eddy,Wilson,–,–,–,338,283,–,265,–,–,–,–,–,–,38,295.33
308,https://a.espncdn.com/i/teamlogos/ncaa/500/2681.png,"https://static.www.nfl.com/image/private/f_auto,q_auto/league/bvqlcwxmlwhhqgkug103",OT,SR.,Greg,Senat,–,–,–,–,239,–,320,–,–,–,–,–,202,60.4,253.67
309,https://a.espncdn.com/i/teamlogos/ncaa/500/2509.png,https://a.espncdn.com/i/headshots/nfldraft/players/full/101805.png,LB,SR.,Ja'Whaun,Bentley,–,–,–,–,319,–,301,167,–,–,–,–,–,83.1,262.33
310,https://a.espncdn.com/i/teamlogos/ncaa/500/151.png,"https://static.www.nfl.com/image/private/f_auto,q_auto/league/xkelf6j3boyfreexikbd",WR,RS SR.,Davon,Grayson,–,–,–,–,240,–,334,217,–,–,–,–,–,62,263.67
311,https://a.espncdn.com/i/teamlogos/ncaa/500/24.png,"https://static.www.nfl.com/image/private/f_auto,q_auto/league/josp9cfynrpw0lztgwwd",OG,RS SR.,David,Bright,–,–,–,–,270,–,345,–,143,–,–,–,–,102.1,252.67
312,https://a.espncdn.com/i/teamlogos/ncaa/500/277.png,"https://static.www.nfl.com/image/private/f_auto,q_auto/league/dvpko0ru2h0bdfypby3p",RB,SR.,Justin,Crawford,–,–,–,189,–,–,492,–,–,–,196,–,–,173,292.33
313,https://a.espncdn.com/i/teamlogos/ncaa/500/2390.png,"https://static.www.nfl.com/image/private/f_auto,q_auto/league/ze23mhakwclyrafvky8d",K,SR.,Michael,Badgley,–,–,–,271,–,–,349,–,–,–,260,–,–,48.5,293.33
314,https://a.espncdn.com/i/teamlogos/ncaa/500/228.png,"https://static.www.nfl.com/image/private/f_auto,q_auto/league/rcndzrppgk4kl24xyxuo",S,JR.,Van,Smith,–,–,–,324,–,–,374,–,–,–,181,–,–,100.2,293
315,https://a.espncdn.com/i/teamlogos/ncaa/500/265.png,https://a.espncdn.com/i/headshots/nfldraft/players/full/101731.png,OG,SR.,Cody,O'Connell,–,–,–,–,306,–,220,–,–,–,290,–,–,45.7,272
316,https://a.espncdn.com/i/teamlogos/ncaa/500/158.png,"https://static.www.nfl.com/image/private/f_auto,q_auto/league/qclqyrm1nqxca7r7ilxi",S,SR.,Joshua,Kalu,–,–,–,395,–,160,290,–,–,–,–,–,–,117.7,281.67
317,https://a.espncdn.com/i/teamlogos/ncaa/500/183.png,"https://static.www.nfl.com/image/private/f_auto,q_auto/league/default_prospect_headshot",WR,SR.,Steve,Ishmael,–,–,–,371,–,–,250,–,–,–,269,–,–,65.1,296.67
318,https://a.espncdn.com/i/teamlogos/ncaa/500/113.png,"https://static.www.nfl.com/image/private/f_auto,q_auto/league/tr9l2t7izdvnilnmxppn",TE,SR.,Adam,Breneman,–,–,–,–,–,–,219,–,–,–,143,–,–,53.7,181
319,https://a.espncdn.com/i/teamlogos/ncaa/500/259.png,"https://static.www.nfl.com/image/private/f_auto,q_auto/league/eownlgn32rwjpgmpd65o",WR,SR.,Cam,Phillips,–,–,–,190,331,–,390,–,–,–,–,–,–,102.8,303.67
320,https://a.espncdn.com/i/teamlogos/ncaa/500/99.png,"https://static.www.nfl.com/image/private/f_auto,q_auto/league/attxqajtirrh9zjzxcao",OG,RS SR.,K.J.,Malone,–,–,–,–,316,–,241,–,–,–,270,–,–,37.8,275.67
321,https://a.espncdn.com/i/teamlogos/ncaa/500/154.png,"https://static.www.nfl.com/image/private/f_auto,q_auto/league/evvonnzsfxadoluefgrs",TE,SR.,Cam,Serigne,–,–,–,275,–,–,378,–,–,–,243,–,–,70.5,298.67
322,https://a.espncdn.com/i/teamlogos/ncaa/500/97.png,https://a.espncdn.com/i/headshots/nfldraft/players/full/101564.png,LB,RS SR.,James,Hearns,–,–,–,288,199,–,430,–,–,–,–,–,–,116.5,305.67
323,https://a.espncdn.com/i/teamlogos/ncaa/500/218.png,"https://static.www.nfl.com/image/private/f_auto,q_auto/league/why08dpg00fuctor1izk",IDL,RS SR.,Jullian,Taylor,–,–,–,–,–,107,227,–,–,–,–,–,–,84.9,167
324,https://a.espncdn.com/i/teamlogos/ncaa/500/2692.png,"https://static.www.nfl.com/image/private/f_auto,q_auto/league/x6u11snvla62aadccfe3",TE,SR.,Andrew,Vollert,–,–,–,396,–,158,315,–,–,–,–,–,–,121,289.67
325,https://a.espncdn.com/i/teamlogos/ncaa/500/38.png,https://a.espncdn.com/i/headshots/nfldraft/players/full/101613.png,OT,SR.,Jeromy,Irwin,–,–,–,–,206,–,425,208,–,–,–,–,–,125.9,279.67
326,https://a.espncdn.com/i/teamlogos/ncaa/500/58.png,"https://static.www.nfl.com/image/private/f_auto,q_auto/league/zbgx1gmpcgrbytztvziq",CB,SR.,Deatrick,Nichols,–,–,–,–,–,–,282,246,–,–,292,–,–,24.2,273.33
327,https://a.espncdn.com/i/teamlogos/ncaa/500/251.png,"https://static.www.nfl.com/image/private/f_auto,q_auto/league/ih7xmstlzbwze8yetuyj",RB,JR.,Chris,Warren,–,–,–,330,–,–,313,–,–,–,279,–,–,26,307.33
328,https://a.espncdn.com/i/teamlogos/ncaa/500/264.png,https://a.espncdn.com/i/headshots/nfldraft/players/full/101535.png,LB,SR.,Azeem,Victor,–,–,–,247,326,–,366,–,–,–,–,–,–,60.6,313
329,https://a.espncdn.com/i/teamlogos/ncaa/500/166.png,"https://static.www.nfl.com/image/private/f_auto,q_auto/league/etniotbc3gzcmb81igz1",RB,SR.,Larry,Rose III,–,–,–,289,–,–,470,156,–,–,–,–,–,157.6,305
330,https://a.espncdn.com/i/teamlogos/ncaa/500/194.png,https://a.espncdn.com/i/headshots/nfldraft/players/full/101592.png,LB,SR.,Chris,Worley,–,–,–,317,272,–,358,–,–,–,–,–,–,43,315.67
331,https://a.espncdn.com/i/teamlogos/ncaa/500/99.png,https://a.espncdn.com/i/headshots/nfldraft/players/full/101795.png,IDL,SR.,Greg,Gilmore,–,–,–,220,295,–,433,–,–,–,–,–,–,108,316
332,https://a.espncdn.com/i/teamlogos/ncaa/500/275.png,https://a.espncdn.com/i/headshots/nfldraft/players/full/101741.png,LB,RS SR.,Garret,Dooley,–,–,–,351,265,–,337,–,–,–,–,–,–,46.1,317.67
333,https://a.espncdn.com/i/teamlogos/ncaa/500/238.png,https://a.espncdn.com/i/headshots/nfldraft/players/full/101646.png,RB,SR.,Ralph,Webb,–,–,–,389,321,–,365,–,–,–,299,–,–,40.9,343.5
334,https://a.espncdn.com/i/teamlogos/ncaa/500/2.png,https://a.espncdn.com/i/headshots/nfldraft/players/full/101744.png,LB,SR.,Tre',Williams,–,–,–,–,294,–,362,220,–,–,–,–,–,71,292
335,https://a.espncdn.com/i/teamlogos/ncaa/500/130.png,https://a.espncdn.com/i/headshots/nfldraft/players/full/101823.png,FB,SR.,Khalid,Hill,–,–,–,300,333,–,330,–,–,–,–,–,–,18.2,321
336,https://a.espncdn.com/i/teamlogos/ncaa/500/55.png,"https://static.www.nfl.com/image/private/f_auto,q_auto/league/yetc6ir4awx1ylttvezv",ED,RS SR.,Darius,Jackson,–,–,–,390,293,–,424,–,–,–,275,–,–,72.7,345.5
337,https://a.espncdn.com/i/teamlogos/ncaa/500/58.png,"https://static.www.nfl.com/image/private/f_auto,q_auto/league/jmur2oexkzrxfsjhk5jb",QB,SR.,Quinton,Flowers,–,–,–,335,–,–,437,–,–,–,188,–,–,125.2,320
338,https://a.espncdn.com/i/teamlogos/ncaa/500/26.png,"https://static.www.nfl.com/image/private/f_auto,q_auto/league/vxskkmwyhij83hwbqj4f",LB,SR.,Kenny,Young,–,–,–,381,334,–,264,–,–,–,–,–,–,58.9,326.33
339,https://a.espncdn.com/i/teamlogos/ncaa/500/264.png,https://a.espncdn.com/i/headshots/nfldraft/players/full/101543.png,LB,RS SR.,Keishawn,Bierria,–,–,–,286,237,–,457,–,–,–,–,–,–,115.5,326.67
340,https://a.espncdn.com/i/teamlogos/ncaa/500/99.png,https://a.espncdn.com/i/headshots/nfldraft/players/full/101797.png,IDL,SR.,Christian,LaCouture,–,–,–,193,313,–,482,–,–,–,–,–,–,145.2,329.33
341,https://a.espncdn.com/i/teamlogos/ncaa/500/21.png,"https://static.www.nfl.com/image/private/f_auto,q_auto/league/kvlxwueusfaky0algjfx",FB,SR.,Nick,Bawden,–,–,–,339,–,–,215,–,–,–,–,–,–,87.7,277
342,https://a.espncdn.com/i/teamlogos/ncaa/500/2633.png,"https://static.www.nfl.com/image/private/f_auto,q_auto/league/rddjacuspt4i1k1gljkv",TE,SR.,Ethan,Wolf,–,–,–,196,–,–,360,–,–,–,–,–,–,116,278
343,https://a.espncdn.com/i/teamlogos/ncaa/500/333.png,"https://static.www.nfl.com/image/private/f_auto,q_auto/league/aavgiomyvfcdluyubiow",IDL,SR.,Josh,Frazier,–,–,–,123,–,–,434,–,–,–,–,–,–,219.9,278.5
344,https://a.espncdn.com/i/teamlogos/ncaa/500/228.png,"https://static.www.nfl.com/image/private/f_auto,q_auto/league/rym7muyf7d4lmeitv2vs",OG,SR.,Tyrone,Crowder,–,–,–,382,–,–,309,–,–,–,300,–,–,45,330.33
345,https://a.espncdn.com/i/teamlogos/ncaa/500/195.png,"https://static.www.nfl.com/image/private/f_auto,q_auto/league/default_prospect_headshot",LB,RS SR.,Quentin,Poling,–,–,–,–,–,–,277,191,–,–,–,–,–,60.8,234
346,https://a.espncdn.com/i/teamlogos/ncaa/500/2755.png,"https://static.www.nfl.com/image/private/f_auto,q_auto/league/iapveo6nmawcmho6wnbu",RB,SR.,Martez,Carter,–,–,–,–,–,–,496,–,–,–,142,–,253,181.1,297
347,https://a.espncdn.com/i/teamlogos/ncaa/500/164.png,"https://static.www.nfl.com/image/private/f_auto,q_auto/league/nsxlgt0srujby25s7vil",IDL,RS SR.,Sebastian,Joseph,–,–,–,240,–,–,328,–,–,–,–,–,–,62.2,284
348,https://a.espncdn.com/i/teamlogos/ncaa/500/2.png,"https://static.www.nfl.com/image/private/f_auto,q_auto/league/ghjrrrhywbpkqt5lbpol",RB,RS JR.,Kamryn,Pettway,–,–,–,354,–,–,391,–,–,–,256,–,–,69.8,333.67
349,https://a.espncdn.com/i/teamlogos/ncaa/500/99.png,"https://static.www.nfl.com/image/private/f_auto,q_auto/league/pkzdq8hksjttckaq78af",WR,SR.,Russell,Gage,–,–,–,–,303,–,197,–,–,–,–,–,–,75,250
350,https://a.espncdn.com/i/teamlogos/ncaa/500/264.png,"https://static.www.nfl.com/image/private/f_auto,q_auto/league/nzkxyjw68ux9msvrp77t",RB,RS SR.,Lavon,Coleman,–,–,–,310,–,–,450,–,–,–,246,–,–,104.3,335.33
351,https://a.espncdn.com/i/teamlogos/ncaa/500/218.png,https://a.espncdn.com/i/headshots/nfldraft/players/full/101686.png,S,SR.,Sean,Chandler,–,–,–,–,269,–,451,229,–,–,–,–,–,118.3,316.33
352,https://a.espncdn.com/i/teamlogos/ncaa/500/61.png,"https://static.www.nfl.com/image/private/f_auto,q_auto/league/hld5bm3hmqnyili8phi2",S,SR.,Dominick,Sanders,–,–,–,365,–,–,381,–,–,–,264,–,–,63.4,336.67
353,https://a.espncdn.com/i/teamlogos/ncaa/500/189.png,"https://static.www.nfl.com/image/private/f_auto,q_auto/league/zpucz0fluj6ymlvni3pg",P,SR.,Joseph,Davidson,–,–,–,327,–,–,256,–,–,–,–,–,–,50.2,291.5
354,https://a.espncdn.com/i/teamlogos/ncaa/500/275.png,"https://static.www.nfl.com/image/private/f_auto,q_auto/league/p1ejcj2cca3yaxmlhmqm",IDL,SR.,Conor,Sheehy,–,–,–,206,–,–,377,–,–,–,–,–,–,120.9,291.5
355,https://a.espncdn.com/i/teamlogos/ncaa/500/61.png,"https://static.www.nfl.com/image/private/f_auto,q_auto/league/smskljiokmezzzanhtpe",TE,SR.,Jeb,Blazevich,–,–,–,231,–,–,355,–,–,–,–,–,–,87.7,293
356,https://a.espncdn.com/i/teamlogos/ncaa/500/58.png,"https://static.www.nfl.com/image/private/f_auto,q_auto/league/cf0qpuuzxllwnlasqgcq",ED,SR.,Mike,Love,–,–,–,–,–,–,286,–,–,–,217,–,–,48.8,251.5
357,https://a.espncdn.com/i/teamlogos/ncaa/500/9.png,https://a.espncdn.com/i/headshots/nfldraft/players/full/101589.png,RB,SR.,Demario,Richard,–,–,–,377,287,–,383,–,–,–,–,–,–,53.8,349
358,https://a.espncdn.com/i/teamlogos/ncaa/500/36.png,https://media.pff.com/player-photos/nfl/39541.png,RB,RS SR.,Dalyn,Dawkins,–,–,–,183,–,–,–,128,–,–,–,–,–,38.9,155.5
359,https://a.espncdn.com/i/teamlogos/ncaa/500/2306.png,"https://static.www.nfl.com/image/private/f_auto,q_auto/league/h7bjccpx31qiof2was5q",K,SR.,Matt,McCrane,–,–,–,216,–,–,405,–,–,–,–,–,–,133.6,310.5
361,https://a.espncdn.com/i/teamlogos/ncaa/500/222.png,"https://static.www.nfl.com/image/private/f_auto,q_auto/league/sfdjqxpjfgcudohr9fy5",CB,SR.,Malik,Reaves,–,–,–,–,–,–,385,–,–,–,163,–,–,157,274
362,https://a.espncdn.com/i/teamlogos/ncaa/500/2132.png,"https://static.www.nfl.com/image/private/f_auto,q_auto/league/dooy9kj7n3jdtym0h5zj",OT,SR.,Korey,Cunningham,–,–,–,–,–,176,339,–,–,–,–,–,–,115.3,257.5
364,https://a.espncdn.com/i/teamlogos/ncaa/500/57.png,https://a.espncdn.com/i/headshots/nfldraft/players/full/101637.png,TE,-,DeAndre,Goolsby,–,–,–,292,290,–,–,–,–,–,240,–,–,29.5,274
365,https://a.espncdn.com/i/teamlogos/ncaa/500/254.png,"https://static.www.nfl.com/image/private/f_auto,q_auto/league/s7ukcxomhuznzz46ay4m",IDL,-,Filipo,Mokofisi,–,–,–,246,–,–,401,–,–,–,–,–,–,109.6,323.5
367,https://a.espncdn.com/i/teamlogos/ncaa/500/2229.png,"https://static.www.nfl.com/image/private/f_auto,q_auto/league/default_prospect_headshot",QB,SR.,Alex,McGough,–,–,–,279,–,–,569,243,–,–,–,–,–,178.7,363.67
368,https://a.espncdn.com/i/teamlogos/ncaa/500/98.png,"https://static.www.nfl.com/image/private/f_auto,q_auto/league/jcvaxlv2czow4bqqq4vb",TE,RS SR.,Deon,Yelder,–,–,–,–,–,–,357,219,–,–,–,–,–,97.6,288
369,https://a.espncdn.com/i/teamlogos/ncaa/500/145.png,"https://static.www.nfl.com/image/private/f_auto,q_auto/league/thidycmqkemnrtag4fdj",OG,SR.,Rod,Taylor,–,–,–,–,–,–,317,–,–,–,–,–,242,53,279.5
370,https://a.espncdn.com/i/teamlogos/ncaa/500/2306.png,https://media.pff.com/player-photos/nfl/49905.png,IDL,GR.,Will,Geary,–,–,–,182,–,–,–,185,–,–,–,–,–,2.1,183.5
371,https://a.espncdn.com/i/teamlogos/ncaa/500/245.png,https://a.espncdn.com/i/headshots/nfldraft/players/full/101605.png,IDL,SR.,Zay,Henderson,–,–,–,–,276,–,331,–,–,–,–,–,–,38.9,303.5
372,https://a.espncdn.com/i/teamlogos/ncaa/500/103.png,https://a.espncdn.com/i/headshots/nfldraft/players/full/101748.png,CB,SR.,Kamrin,Moore,–,–,–,–,207,–,400,–,–,–,–,–,–,136.5,303.5
373,https://a.espncdn.com/i/teamlogos/ncaa/500/225.png,https://a.espncdn.com/i/headshots/nfldraft/players/full/101798.png,LB,SR.,Dewey,Jarvis,–,–,–,–,260,–,351,–,–,–,–,–,–,64.3,305.5
377,https://a.espncdn.com/i/teamlogos/ncaa/500/254.png,"https://static.www.nfl.com/image/private/f_auto,q_auto/league/oxf9xturhup9ycrhcyoh",OG,SR.,Leka,Uhatafe,–,–,–,–,–,–,367,–,–,–,–,–,217,106.1,292
378,0,"https://static.www.nfl.com/image/private/f_auto,q_auto/league/nuahaeifoddlwbqg9rkd",TE,SR.,Nick,Keizer,–,–,–,–,339,–,289,–,–,–,–,–,–,35.4,314
379,https://a.espncdn.com/i/teamlogos/ncaa/500/249.png,"https://static.www.nfl.com/image/private/f_auto,q_auto/league/vdujpnb6hfgfz2bkkfeg",RB,SR.,Jeff,Wilson,–,–,–,326,–,–,361,–,–,–,–,–,–,24.7,343.5
380,https://a.espncdn.com/i/teamlogos/ncaa/500/2083.png,"https://static.www.nfl.com/image/private/f_auto,q_auto/league/rbvzmygscdfw9devguas",IDL,SR.,Abdullah,Anderson,–,–,–,–,332,–,304,–,–,–,–,–,–,19.8,318
381,https://a.espncdn.com/i/teamlogos/ncaa/500/197.png,https://media.pff.com/player-photos/nfl/44545.png,IDL,RS SR.,DeQuinton,Osborne,–,–,–,175,–,–,–,236,–,–,–,–,–,43.1,205.5
382,https://a.espncdn.com/i/teamlogos/ncaa/500/295.png,"https://static.www.nfl.com/image/private/f_auto,q_auto/league/tbkzhevvtckadklsg9a5",ED,SR.,Olubunmi,Rotimi,–,–,–,–,318,–,322,–,–,–,–,–,–,2.8,320
383,https://a.espncdn.com/i/teamlogos/ncaa/500/259.png,"https://static.www.nfl.com/image/private/f_auto,q_auto/league/pho61sxopknh1m3fjg6t",LB,RS SR.,Andrew,Motuapuaka,–,–,–,–,–,–,398,228,–,–,–,–,–,120.2,313
384,https://a.espncdn.com/i/teamlogos/ncaa/500/2050.png,"https://static.www.nfl.com/image/private/f_auto,q_auto/league/g7zyymt4jf34xbfervrb",ED,RS SR.,Anthony,Winbush,–,–,–,387,–,–,310,–,–,–,–,–,–,54.4,348.5
386,https://a.espncdn.com/i/teamlogos/ncaa/500/201.png,"https://static.www.nfl.com/image/private/f_auto,q_auto/league/x34x2gxqclpw1xghfwtf",S,SR.,Steven,Parker,–,–,–,–,–,–,393,248,–,–,–,–,–,102.5,320.5
387,https://a.espncdn.com/i/teamlogos/ncaa/500/277.png,"https://static.www.nfl.com/image/private/f_auto,q_auto/league/yfewosjxzekys2ttl1f0",OG,SR.,Kyle,Bosch,–,–,–,–,–,–,454,199,–,–,–,–,–,180.3,326.5
388,https://a.espncdn.com/i/teamlogos/ncaa/500/2348.png,"https://static.www.nfl.com/image/private/f_auto,q_auto/league/default_prospect_headshot",RB,RS SR.,Boston,Scott,–,–,–,–,–,–,536,116,–,–,–,–,–,297,326
391,0,"https://static.www.nfl.com/image/private/f_auto,q_auto/league/default_prospect_headshot",ED,JR.,Zach,Sieler,–,–,–,–,–,–,166,–,–,–,–,–,–,–,166
392,https://a.espncdn.com/i/teamlogos/ncaa/500/87.png,"https://static.www.nfl.com/image/private/f_auto,q_auto/league/rcfzuvfow9alazwjdnhv",LB,SR.,Nyles,Morgan,–,–,–,–,–,–,399,–,–,–,276,–,–,87,337.5
393,https://a.espncdn.com/i/teamlogos/ncaa/500/2628.png,https://media.pff.com/player-photos/nfl/49351.png,CB,SR.,Ranthony,Texada,–,–,–,–,–,–,–,245,–,–,169,–,–,53.7,207
395,https://a.espncdn.com/i/teamlogos/ncaa/500/52.png,"https://static.www.nfl.com/image/private/f_auto,q_auto/league/tbdkyf0v6x3beu5nnr7m",OT,SR.,Rick,Leonard,–,–,–,–,285,–,415,–,–,–,–,–,–,91.9,350
397,https://a.espncdn.com/i/teamlogos/ncaa/500/2132.png,"https://static.www.nfl.com/image/private/f_auto,q_auto/league/bm8uj5towmh4rr0ckjne",RB,SR.,Mike,Boone,–,–,–,–,–,174,499,–,–,–,–,–,–,229.8,336.5
400,0,"https://static.www.nfl.com/image/private/f_auto,q_auto/league/default_prospect_headshot",CB,RS SR.,Simeon,Thomas,–,–,–,–,–,162,523,–,–,–,–,–,–,255.3,342.5
404,0,"https://static.www.nfl.com/image/private/f_auto,q_auto/league/cvu8iwg6vjoz7u2155wa",OG,RS SR.,Aaron,Stinnie,–,–,–,–,–,–,229,–,–,–,–,–,–,–,229
408,0,"https://static.www.nfl.com/image/private/f_auto,q_auto/league/a41noio4pintfqfwyngl",WR,SR.,Vyncint,Smith,–,–,–,–,–,–,231,–,–,–,–,–,–,–,231
412,https://a.espncdn.com/i/teamlogos/ncaa/500/248.png,https://a.espncdn.com/i/headshots/nfldraft/players/full/101828.png,QB,-,Kyle,Allen,–,–,–,357,216,–,–,–,–,–,–,–,–,99.7,286.5
413,0,"https://static.www.nfl.com/image/private/f_auto,q_auto/league/cc9mmoh84ihkbr4uerex",ED,SR.,Jake,Martin,–,–,–,–,–,–,240,–,–,–,–,–,–,–,240
415,https://a.espncdn.com/i/teamlogos/ncaa/500/77.png,https://media.pff.com/player-photos/nfl/49064.png,S,SR.,Kyle,Queiro,–,–,–,–,324,–,–,187,–,–,–,–,–,96.9,255.5
417,https://a.espncdn.com/i/teamlogos/ncaa/500/2628.png,"https://static.www.nfl.com/image/private/f_auto,q_auto/league/default_prospect_headshot",LB,SR.,Travin,Howard,–,128,–,–,–,–,603,–,–,–,–,–,–,335.9,365.5
418,0,"https://static.www.nfl.com/image/private/f_auto,q_auto/league/default_prospect_headshot",CB,RS SR.,Mike,Ford,–,–,–,–,–,–,254,–,–,–,–,–,–,–,254
420,https://a.espncdn.com/i/teamlogos/ncaa/500/135.png,https://a.espncdn.com/i/headshots/nfldraft/players/full/101629.png,TE,-,Brandon,Lingen,–,–,–,334,263,–,–,–,–,–,–,–,–,50.2,298.5
422,0,"https://static.www.nfl.com/image/private/f_auto,q_auto/league/ptsdfhdpwou9cqcmkfxx",LS,SR.,Tanner,Carew,–,–,–,–,–,–,260,–,–,–,–,–,–,–,260
424,0,"https://static.www.nfl.com/image/private/f_auto,q_auto/league/x5rrmocvldijo2bxim3p",WR,-,Ka'Raun,White,–,–,–,–,–,–,267,–,–,–,–,–,–,–,267
427,https://a.espncdn.com/i/teamlogos/ncaa/500/201.png,0,CB,-,Jordan,Thomas,–,–,–,398,–,–,–,–,–,–,204,–,–,137.2,301
429,0,"https://static.www.nfl.com/image/private/f_auto,q_auto/league/jxsfczmudpe055y0tce7",WR,SR.,Jalen,Tolliver,–,–,–,–,–,–,271,–,–,–,–,–,–,–,271
432,0,"https://static.www.nfl.com/image/private/f_auto,q_auto/league/cgpwgsmvlbhbakfdgvcs",WR,SR.,Damion,Ratley,–,–,–,–,–,–,276,–,–,–,–,–,–,–,276