season,player_name,pos,school,ht,wt,forty,vertical,bench,broad_jump,cone,shuttle,draft_team,draft_year,draft_year,draft_ovr
2025,BJ Adams,CB,Central Florida,2-Jun,182,4.53,32.5,,117,,,,,,
2025,Tommy Akingbesote,DT,Maryland,4-Jun,306,5.09,28,,103,,,,,,
2025,Darius Alexander,DT,Toledo,4-Jun,305,4.95,31.5,28,111,7.6,4.79,,,,
2025,Zy Alexander,CB,LSU,1-Jun,187,4.56,31.5,,116,,,,,,
2025,LeQuint Allen,RB,Syracuse,Jun-00,204,,35,,120,,,,,,
2025,Trey Amos,CB,Mississippi,1-Jun,195,4.43,32.5,13,126,,,,,,
2025,Andrew Armstrong,WR,Arkansas,4-Jun,202,4.51,37.5,11,124,6.97,4.18,,,,
2025,Elijah Arroyo,TE,Miami,5-Jun,250,,,22,,,,,,,
2025,Eugene Asante,LB,Auburn,1-Jun,223,4.48,,21,,,,,,,
2025,Elic Ayomanor,WR,Stanford,2-Jun,206,4.44,38.5,,127,,,,,,
2025,Elijhah Badger,WR,Florida,1-Jun,200,4.43,35.5,,,,,,,,
2025,Tyler Baron,EDGE,Miami,5-Jun,258,4.62,35.5,19,121,,,,,,
2025,Jahdae Barron,CB,Texas,11-May,194,4.39,35,,123,,,,,,
2025,Gavin Bartholomew,TE,Pittsburgh,5-Jun,246,4.7,,,,,,,,,
2025,Jeffrey Bassa,LB,Oregon,1-Jun,232,4.63,38.5,21,118,7.34,,,,,
2025,Tyler Batty,EDGE,BYU,6-Jun,271,4.78,34,27,120,7.21,4.54,,,,
2025,Jack Bech,WR,TCU,1-Jun,214,,34.5,19,125,6.84,4.21,,,,
2025,Anthony Belton,OT,North Carolina St.,6-Jun,336,5.26,29.5,,107,7.77,,,,,
2025,Zeek Biggers,DT,Georgia Tech,6-Jun,321,5.14,34.5,,111,,,,,,
2025,Yahya Black,DT,Iowa,6-Jun,336,5.39,25.5,,101,7.63,4.72,,,,
2025,Jaydon Blue,RB,Texas,9-May,196,4.38,,,,,,,,,
2025,Isaiah Bond,WR,Texas,11-May,180,4.39,,,,,,,,,
2025,Tyler Booker,G,Alabama,5-Jun,321,5.38,27,,94,7.96,4.84,,,,
2025,Andres Borregales,K,Miami,11-May,199,,,,,,,,,,
2025,Jake Briningstool,TE,Clemson,6-Jun,241,4.75,31,,115,,,,,,
2025,Warren Brinson,DT,Georgia,5-Jun,315,5.09,31,,115,,,,,,
2025,Ja'Corey Brooks,WR,Louisville,2-Jun,184,,,,,,,,,,
2025,Tahj Brooks,RB,Texas Tech,9-May,214,4.52,35,16,120,6.9,4.06,,,,
2025,Max Brosmer,QB,Minnesota,2-Jun,217,,,,,,,,,,
2025,Vernon Broughton,DT,Texas,5-Jun,311,,,,,,,,,,
2025,Logan Brown,OT,Kansas,6-Jun,311,5.18,32,,111,7.75,4.51,,,,
2025,Carson Bruener,LB,Washington,1-Jun,227,4.58,33.5,,119,,,,,,
2025,Jacobee Bryant,CB,Kansas,Jun-00,180,4.53,,,,,,,,,
2025,Pat Bryant,WR,Illinois,2-Jun,204,4.61,37.5,,124,,,,,,
2025,Teddye Buchanan,LB,California,2-Jun,233,4.6,40,26,125,,,,,,
2025,Jordan Burch,EDGE,Oregon,4-Jun,279,4.67,,,,,,,,,
2025,Denzel Burke,CB,Ohio St.,11-May,186,4.48,,,,,,,,,
2025,James Burnip,P,Alabama,6-Jun,235,,,,,,,,,,
2025,Jamaree Caldwell,DT,Oregon,2-Jun,332,5.16,27,,,,,,,,
2025,Jihaad Campbell,LB,Alabama,3-Jun,235,4.52,,,127,,,,,,
2025,Will Campbell,OT,LSU,6-Jun,319,4.98,32,,113,,,,,,
2025,Abdul Carter,EDGE,Penn St.,3-Jun,250,,,,,,,,,,
2025,Barrett Carter,LB,Clemson,Jun-00,231,,34.5,,116,,4.41,,,,
2025,Sebastian Castro,SAF,Iowa,11-May,203,4.59,30.5,,117,,4.34,,,,
2025,Alijah Clark,SAF,Syracuse,1-Jun,188,4.5,33,,122,,,,,,
2025,Connor Colby,G,Iowa,6-Jun,309,5.11,28.5,,110,7.78,4.63,,,,
2025,Alfred Collins,DT,Texas,6-Jun,332,,26,,96,,,,,,
2025,Beaux Collins,WR,Notre Dame,3-Jun,201,,,,,,,,,,
2025,Joshua Conerly,OT,Oregon,5-Jun,311,5.05,34.5,,103,,,,,,
2025,Hayden Conner,G,Texas,6-Jun,314,,,,,7.9,4.88,,,,
2025,Jalin Conyers,TE,Texas Tech,4-Jun,260,4.74,35.5,,121,6.94,4.27,,,,
2025,Brady Cook,QB,Missouri,2-Jun,214,4.59,37,,128,7.01,4.17,,,,
2025,Ajani Cornelius,OT,Oregon,5-Jun,310,,,,,,,,,,
2025,Eli Cox,C,Kentucky,4-Jun,306,5.02,32.5,,109,7.63,4.58,,,,
2025,Kitan Crawford,SAF,Nevada,11-May,202,4.41,41.5,18,128,6.81,4.03,,,,
2025,Jeremy Crawshaw,P,Florida,4-Jun,198,,,,,,,,,,
2025,Brandon Crenshaw-Dickson,OT,Florida,7-Jun,316,5.33,24.5,,96,8.15,4.91,,,,
2025,Jaxson Dart,QB,Mississippi,2-Jun,223,,,,,,,,,,
2025,Garrett Dellinger,G,LSU,4-Jun,325,,,,,,,,,,
2025,Fadil Diggs,EDGE,Syracuse,4-Jun,257,4.57,30.5,,121,,,,,,
2025,Chimere Dike,WR,Florida,1-Jun,196,4.34,38.5,,128,6.82,4.27,,,,
2025,CJ Dippre,TE,Alabama,5-Jun,256,4.69,34.5,32,120,,,,,,
2025,Ra'Mello Dotson,CB,Kansas,1-Jun,192,4.59,34.5,,123,,,,,,
2025,Ethan Downs,EDGE,Oklahoma,4-Jun,269,4.69,34,32,119,7.58,4.59,,,,
2025,Jamon Dumas-Johnson,LB,Kentucky,1-Jun,238,,,,,,,,,,
2025,Power Echols,LB,North Carolina,11-May,237,4.73,37,,115,7.6,4.56,,,,
2025,Donovan Edwards,RB,Michigan,11-May,205,4.44,38.5,23,,,,,,,
2025,Emeka Egbuka,WR,Ohio St.,1-Jun,202,,,,,,,,,,
2025,Nick Emmanwori,SAF,South Carolina,3-Jun,220,4.38,43,20,138,,,,,,
2025,Aireontae Ersery,OT,Minnesota,6-Jun,331,5.01,29.5,,111,7.81,4.82,,,,
2025,Trevor Etienne,RB,Georgia,9-May,198,4.42,35,15,124,,,,,,
2025,Mitchell Evans,TE,Notre Dame,5-Jun,258,4.74,31,,115,7.25,4.4,,,,
2025,Quinn Ewers,QB,Texas,2-Jun,214,,,,,,,,,,
2025,Donovan Ezeiruaku,EDGE,Boston Col.,3-Jun,248,,35.5,22,119,6.94,4.19,,,,
2025,Dylan Fairchild,G,Georgia,5-Jun,318,,27.5,,111,,,,,,
2025,Joshua Farmer,DT,Florida St.,3-Jun,305,5.11,29,26,112,,,,,,
2025,Da'Quan Felton,WR,Virginia Tech,5-Jun,213,4.5,32.5,16,122,7.1,4.3,,,,
2025,Tai Felton,WR,Maryland,1-Jun,183,4.37,39.5,,130,,,,,,
2025,Terrance Ferguson,TE,Oregon,5-Jun,247,4.63,39,,122,,,,,,
2025,Ryan Fitzgerald,K,Florida St.,11-May,193,,,,,,,,,,
2025,O'Donnell Fortune,CB,South Carolina,1-Jun,185,,32.5,,117,,,,,,
2025,Miles Frazier,G,LSU,6-Jun,317,5.24,31,,108,,,,,,
2025,Zah Frazier,CB,Texas-San Antonio,3-Jun,186,4.36,36.5,,126,7,4.26,,,,
2025,Dillon Gabriel,QB,Oregon,11-May,205,,,,,,,,,,
2025,Jacolby George,WR,Miami,11-May,172,,32.5,,120,6.77,,,,,
2025,DJ Giddens,RB,Kansas St.,Jun-00,212,4.43,39.5,,130,,4.33,,,,
2025,Ashton Gillotte,EDGE,Louisville,3-Jun,264,,36.5,24,120,,,,,,
2025,Matthew Golden,WR,Texas,11-May,191,4.29,,,,,,,,,
2025,Mason Graham,DT,Michigan,4-Jun,296,,,24,,,,,,,
2025,Charles Grant,OT,William & Mary,5-Jun,311,,,,,,,,,,
2025,Kenneth Grant,DT,Michigan,4-Jun,331,,,22,,,,,,,
2025,Joshua Gray,G,Oregon St.,5-Jun,299,5.04,31,,104,,,,,,
2025,Mike Green,EDGE,Marshall,3-Jun,251,,,28,,,,,,,
2025,Eric Gregory,DT,Arkansas,3-Jun,319,5.14,27,28,108,7.68,4.97,,,,
2025,Maxwell Hairston,CB,Kentucky,11-May,183,4.28,39.5,,129,,,,,,
2025,Ty Hamilton,DT,Ohio St.,3-Jun,299,,,,,,,,,,
2025,Omarion Hampton,RB,North Carolina,Jun-00,221,4.46,38,18,130,,4.4,,,,
2025,Jordan Hancock,CB,Ohio St.,Jun-00,195,,,,,,,,,,
2025,Derrick Harmon,DT,Oregon,5-Jun,313,4.95,,,,,,,,,
2025,Jermari Harris,CB,Iowa,1-Jun,191,,37,,120,,,,,,
2025,Marcus Harris,CB,California,11-May,189,4.45,,,,,,,,,
2025,Cleveland Harris,WR,Mississippi,2-Jun,205,4.54,38.5,,125,,,,,,
2025,Jared Harrison-Hunte,DT,SMU,3-Jun,290,4.86,32,,111,,,,,,
2025,RJ Harvey,RB,Central Florida,8-May,205,4.4,38,16,127,,4.34,,,,
2025,Ahmed Hassanein,EDGE,Boise St.,2-Jun,267,4.77,32.5,27,113,,,,,,
2025,Jackson Hawes,TE,Georgia Tech,5-Jun,253,4.82,34.5,16,121,,4.4,,,,
2025,Gunnar Helm,TE,Texas,5-Jun,241,4.84,30,,,7.15,4.4,,,,
2025,Tonka Hemingway,DT,South Carolina,3-Jun,284,,32,,112,7.36,4.48,,,,
2025,TreVeyon Henderson,RB,Ohio St.,10-May,202,4.43,38.5,,128,,,,,,
2025,Seth Henigan,QB,Memphis,3-Jun,215,4.76,31.5,,114,7.34,4.44,,,,
2025,Jay Higgins,LB,Iowa,Jun-00,224,4.82,33,,110,7.01,4.35,,,,
2025,Jayden Higgins,WR,Iowa St.,4-Jun,214,4.47,39,,128,,,,,,
2025,Tommi Hill,CB,Nebraska,1-Jun,213,,,,,,,,,,
2025,Myles Hinton,OT,Michigan,7-Jun,323,,31.5,,,,4.96,,,,
2025,Traeshon Holden,WR,Oregon,2-Jun,205,4.57,32,,123,,,,,,
2025,Maxen Hook,SAF,Toledo,1-Jun,202,4.55,34.5,,124,,,,,,
2025,Cam Horsley,DT,Boston Col.,3-Jun,312,,31.5,,108,,,,,,
2025,Tory Horton,WR,Colorado St.,3-Jun,196,4.41,37.5,,,,,,,,
2025,Will Howard,QB,Ohio St.,4-Jun,236,,31.5,,112,7.13,4.33,,,,
2025,Joe Huber,G,Wisconsin,5-Jun,310,5.2,28,,106,7.69,4.78,,,,
2025,Kobe Hudson,WR,Central Florida,1-Jun,193,4.57,35,,122,,,,,,
2025,Jarquez Hunter,RB,Auburn,9-May,204,4.44,33.5,21,120,,,,,,
2025,Travis Hunter,CB/WR,Colorado,Jun-00,188,,,,,,,,,,
2025,Alijah Huzzie,CB,North Carolina,10-May,193,,,,,,,,,,
2025,Ollie Gordon II,RB,Oklahoma St.,1-Jun,226,4.61,34.5,,120,,,,,,
2025,Oronde Gadsden II,TE,Syracuse,5-Jun,243,,34,,114,,,,,,
2025,Thomas Fidone II,TE,Nebraska,5-Jun,243,4.7,35.5,,126,7.01,4.29,,,,
2025,Howard Cross III,DT,Notre Dame,1-Jun,285,,29,,104,,,,,,
2025,Luther Burden III,WR,Missouri,Jun-00,206,4.41,,,,,,,,,
2025,Rayuan Lane III,SAF,Navy,11-May,200,4.57,37,,128,7.1,4.28,,,,
2025,Ricky White III,WR,UNLV,1-Jun,184,4.61,36,,123,,,,,,
2025,Torricelli Simpkins III,C,South Carolina,5-Jun,312,5.45,29,,110,,,,,,
2025,Tyrion Ingram-Dawkins,DT,Georgia,5-Jun,276,4.86,36,,124,7.28,4.34,,,,
2025,Ulysses Bentley IV,RB,Mississippi,10-May,201,4.62,32.5,,117,,,,,,
2025,Jared Ivey,EDGE,Mississippi,6-Jun,274,,,,,,,,,,
2025,Cam Jackson,DT,Florida,6-Jun,328,5.17,24.5,,93,,,,,,
2025,Daniel Jackson,WR,Minnesota,11-May,193,,,,,6.78,4.07,,,,
2025,Donovan Jackson,G,Ohio St.,4-Jun,315,,,,,,,,,,
2025,Ja'Quinden Jackson,RB,Arkansas,2-Jun,229,,32,,119,7.19,4.36,,,,
2025,Landon Jackson,EDGE,Arkansas,6-Jun,264,4.68,40.5,,129,,,,,,
2025,Jordan James,RB,Oregon,10-May,205,4.55,,,117,,,,,,
2025,Shemar James,LB,Florida,1-Jun,222,4.69,32,,117,7.09,4.27,,,,
2025,Ashton Jeanty,RB,Boise St.,9-May,211,,,,,,,,,,
2025,Kaleb Johnson,RB,Iowa,1-Jun,224,4.57,,,,,,,,,
2025,Tez Johnson,WR,Oregon,10-May,154,4.51,37,,131,6.65,4.15,,,,
2025,Will Johnson,CB,Michigan,2-Jun,194,,,,,,,,,,
2025,Emery Jones,OT,LSU,5-Jun,315,,,,,,,,,,
2025,Sai'vion Jones,EDGE,LSU,5-Jun,280,,33,19,119,,,,,,
2025,Jah Joyner,EDGE,Minnesota,4-Jun,262,4.6,30,,,7.33,4.68,,,,
2025,Antwane Wells Jr.,WR,Mississippi,1-Jun,201,4.58,34,,124,,,,,,
2025,Billy Bowman Jr.,SAF,Oklahoma,10-May,192,4.42,35.5,17,123,,,,,,
2025,Chris Paul Jr.,LB,Mississippi,1-Jun,222,4.63,36,,117,,,,,,
2025,Dante Trader Jr.,SAF,Maryland,11-May,196,,31,12,117,7.09,4.32,,,,
2025,Demetrius Knight Jr.,LB,South Carolina,2-Jun,235,4.58,31.5,22,118,7.12,4.25,,,,
2025,Dont'e Thornton Jr.,WR,Tennessee,5-Jun,205,4.3,33,,126,,,,,,
2025,Harold Fannin Jr.,TE,Bowling Green,3-Jun,241,4.71,34,22,118,6.97,4.39,,,,
2025,James Pearce Jr.,EDGE,Tennessee,5-Jun,245,4.47,31,,123,,,,,,
2025,Jason Marshall Jr.,CB,Florida,Jun-00,194,4.49,37.5,,125,,,,,,
2025,Jimmy Horn Jr.,WR,Colorado,8-May,174,4.46,38,,128,,4.41,,,,
2025,Kelvin Banks Jr.,OT,Texas,5-Jun,315,5.16,32,,104,7.81,4.66,,,,
2025,Kevin Winston Jr.,SAF,Penn St.,2-Jun,215,,,,,,,,,,
2025,Montrell Johnson Jr.,RB,Florida,11-May,212,4.41,35.5,,123,,4.29,,,,
2025,Sam Brown Jr.,WR,Miami,2-Jun,200,4.44,41.5,,,,,,,,
2025,Shavon Revel Jr.,CB,East Carolina,2-Jun,194,,,,,,,,,,
2025,Quinshon Judkins,RB,Ohio St.,Jun-00,221,4.48,38.5,,132,,,,,,
2025,DeAndre Jules,DT,South Carolina,4-Jun,316,,,,,,,,,,
2025,Luke Kandra,G,Cincinnati,5-Jun,319,,,,,,,,,,
2025,Josh Kelly,WR,Texas Tech,1-Jun,186,4.7,33,,121,7.02,,,,,
2025,Drew Kendall,C,Boston Col.,4-Jun,308,5.05,,,,7.56,4.51,,,,
2025,Kyle Kennard,EDGE,South Carolina,4-Jun,254,4.73,,23,,,,,,,
2025,Corey Kiner,RB,Cincinnati,9-May,209,4.57,,19,,,,,,,
2025,Kobe King,LB,Penn St.,1-Jun,236,,,,,,,,,,
2025,Jack Kiser,LB,Notre Dame,2-Jun,231,,,,,,,,,,
2025,Bilhal Kone,CB,Western Michigan,1-Jun,190,4.43,31.5,,124,,,,,,
2025,Brant Kuithe,TE,Utah,2-Jun,236,,,,,,,,,,
2025,Luke Lachey,TE,Iowa,6-Jun,251,,35,,120,7.18,4.47,,,,
2025,KeAndre Lambert-Smith,WR,Auburn,1-Jun,190,4.37,34.5,,124,,,,,,
2025,Joshua Lane,WR,Virginia Tech,10-May,191,4.34,40,14,132,6.75,4.12,,,,
2025,Riley Leonard,QB,Notre Dame,4-Jun,216,,,,,,,,,,
2025,Cody Lindenberg,LB,Minnesota,2-Jun,236,,,,,,,,,,
2025,Steve Linton,EDGE,Baylor,4-Jun,242,,32.5,21,124,7.25,,,,,
2025,Robert Longerbeam,CB,Rutgers,11-May,175,4.39,36.5,,134,,,,,,
2025,Tyler Loop,K,Arizona,11-May,191,,,,,,,,,,
2025,Colston Loveland,TE,Michigan,6-Jun,248,,,,,,,,,,
2025,Dominic Lovett,WR,Georgia,10-May,185,4.4,33.5,,120,,4.27,,,,
2025,Chase Lundt,OT,Connecticut,8-Jun,304,,,,,,,,,,
2025,Phil Mafah,RB,Clemson,1-Jun,234,,,,,,,,,,
2025,Jake Majors,C,Texas,3-Jun,306,,,,,,,,,,
2025,Woody Marks,RB,USC,10-May,207,4.54,35,18,119,,4.24,,,,
2025,Nickolas Martin,LB,Oklahoma St.,Jun-00,221,4.53,38,26,123,,,,,,
2025,Sean Martin,EDGE,West Virginia,6-Jun,293,4.88,28.5,28,112,7.38,,,,,
2025,Bam Martin-Scott,LB,South Carolina,2-Jun,231,4.63,33.5,,122,7.26,4.53,,,,
2025,Damien Martinez,RB,Miami,Jun-00,217,4.51,35,,124,,,,,,
2025,Moliki Matavao,TE,UCLA,6-Jun,260,4.81,32.5,,114,,,,,,
2025,Francisco Mauigoa,LB,Miami,2-Jun,233,4.6,35,,121,7.15,4.24,,,,
2025,Marcus Mbow,G,Purdue,4-Jun,303,,,,,,4.67,,,,
2025,Kyle McCord,QB,Syracuse,3-Jun,218,,,,,,,,,,
2025,Bru McCoy,WR,Tennessee,3-Jun,209,,,,,,,,,,
2025,Seth McLaughlin,C,Ohio St.,4-Jun,304,,,,,,,,,,
2025,Jalen McLeod,LB,Auburn,2-Jun,241,,,,,,,,,,
2025,Tetairoa McMillan,WR,Arizona,4-Jun,219,,,,,,,,,,
2025,Decarrion McWilliams,CB,Central Florida,10-May,191,4.41,34,,,,,,,,
2025,Kain Medrano,LB,UCLA,3-Jun,222,4.46,38,,125,,,,,,
2025,Armand Membou,OT,Missouri,4-Jun,332,4.91,34,,115,,,,,,
2025,Graham Mertz,QB,Florida,3-Jun,212,,,,,,,,,,
2025,R.J. Mickens,SAF,Clemson,Jun-00,199,4.49,41.5,,121,,,,,,
2025,Rylie Mills,DT,Notre Dame,5-Jun,291,,,,,,,,,,
2025,Jalen Milroe,QB,Alabama,2-Jun,217,,,,,,,,,,
2025,Wyatt Milum,OT,West Virginia,7-Jun,313,5.27,30,,108,,4.69,,,,
2025,Kyle Monangai,RB,Rutgers,8-May,211,4.6,34.5,,117,,,,,,
2025,Smael Mondon,LB,Georgia,2-Jun,224,4.58,,,130,,,,,,
2025,Jonah Monheim,C,USC,4-Jun,302,,,,,,,,,,
2025,Malachi Moore,SAF,Alabama,11-May,196,,,,,,,,,,
2025,Benjamin Morrison,CB,Notre Dame,Jun-00,193,,,,,,,,,,
2025,Jabbar Muhammad,CB,Oregon,9-May,182,,29.5,13,,7.01,4.19,,,,
2025,Andrew Mukuba,SAF,Texas,11-May,186,4.45,,,,,,,,,
2025,Kalel Mullings,RB,Michigan,2-Jun,226,,,,,,,,,,
2025,Konata Mumpfield,WR,Pittsburgh,11-May,186,4.59,36,,124,,,,,,
2025,Nick Nash,WR,San Jose St.,3-Jun,203,4.57,34,,123,,,,,,
2025,Devin Neal,RB,Kansas,11-May,213,4.58,37.5,,124,,,,,,
2025,Jack Nelson,OT,Wisconsin,7-Jun,314,,,,,,,,,,
2025,Bryson Nesbit,TE,North Carolina,5-Jun,238,4.88,32.5,,112,,,,,,
2025,Isaiah Neyor,WR,Nebraska,4-Jun,218,4.4,38,,133,,,,,,
2025,Jaylin Noel,WR,Iowa St.,10-May,194,4.39,41.5,23,134,6.82,4.17,,,,
2025,Walter Nolen,DT,Mississippi,4-Jun,296,,,,,,,,,,
2025,Omarr Norman-Lott,DT,Tennessee,2-Jun,291,,31.5,,113,,,,,,
2025,Oluwafemi Oladejo,EDGE,UCLA,3-Jun,259,,36.5,20,120,,,,,,
2025,Collin Oliver,EDGE,Oklahoma St.,2-Jun,240,4.56,39,,126,,,,,,
2025,Robbie Ouzts,TE,Alabama,3-Jun,274,4.91,34,26,119,7.34,4.45,,,,
2025,Payton Page,DT,Clemson,3-Jun,290,,33,,116,,,,,,
2025,Jacob Parrish,CB,Kansas St.,10-May,191,4.35,37.5,12,129,,,,,,
2025,Aeneas Peebles,DT,Virginia Tech,1-Jun,282,4.94,32.5,,109,,4.7,,,,
2025,JJ Pegues,DT,Mississippi,3-Jun,309,5.15,27.5,,,,,,,,
2025,Jordan Phillips,DT,Maryland,2-Jun,312,,31,29,108,8.19,4.65,,,,
2025,Hollin Pierce,OT,Rutgers,8-Jun,341,,,,,,,,,,
2025,Darien Porter,CB,Iowa St.,3-Jun,195,4.3,36.5,,131,6.71,4.04,,,,
2025,Tyreem Powell,LB,Rutgers,5-Jun,239,,,,,,,,,,
2025,Antwaun Powell-Ryland,EDGE,Virginia Tech,3-Jun,258,4.69,36.5,,124,,,,,,
2025,Kaden Prather,WR,Maryland,4-Jun,204,4.46,30,,114,,,,,,
2025,Caleb Ransaw,CB,Tulane,11-May,197,4.33,40,16,129,,,,,,
2025,Lathan Ransom,SAF,Ohio St.,Jun-00,206,,,,,,,,,,
2025,Tate Ratledge,G,Georgia,7-Jun,308,4.97,32,,113,7.38,,,,,
2025,Jaylen Reed,SAF,Penn St.,Jun-00,211,4.49,33.5,19,,,,,,,
2025,Karene Reid,LB,Utah,Jun-00,231,,,,,,,,,,
2025,Xavier Restrepo,WR,Miami,10-May,209,,,17,,,,,,,
2025,Quincy Riley,CB,Louisville,11-May,194,4.48,,,,,,,,,
2025,Jahvaree Ritzie,DT,North Carolina,4-Jun,294,,35.5,26,114,,,,,,
2025,Jalen Rivers,OT,Miami,6-Jun,319,5.29,,,108,,,,,,
2025,Elijah Roberts,EDGE,SMU,4-Jun,285,4.78,31.5,,116,,,,,,
2025,Que Robinson,EDGE,Alabama,4-Jun,243,,,,,,,,,,
2025,Ty Robinson,DT,Nebraska,5-Jun,288,4.83,33.5,28,119,7.58,4.5,,,,
2025,Caleb Rogers,G,Texas Tech,5-Jun,312,5.1,34,,111,7.43,4.49,,,,
2025,Kurtis Rourke,QB,Indiana,4-Jun,220,,,,,,,,,,
2025,Jalen Royals,WR,Utah St.,Jun-00,205,4.42,,13,,,,,,,
2025,Kaimon Rucker,EDGE,North Carolina,1-Jun,254,,,27,,,,,,,
2025,Dylan Sampson,RB,Tennessee,8-May,200,,35,13,124,,,,,,
2025,Raheim Sanders,RB,South Carolina,Jun-00,217,4.46,36.5,,,,,,,,
2025,Shedeur Sanders,QB,Colorado,2-Jun,212,,,,,,,,,,
2025,T.J. Sanders,DT,South Carolina,4-Jun,297,,31.5,,112,7.7,4.67,,,,
2025,Jonas Sanker,SAF,Virginia,Jun-00,206,4.48,36.5,12,128,,,,,,
2025,Ben Sauls,K,Pittsburgh,10-May,182,,,,,,,,,,
2025,Jonah Savaiinaea,OT,Arizona,4-Jun,324,4.95,29,,106,,4.66,,,,
2025,Jack Sawyer,EDGE,Ohio St.,4-Jun,260,,,,,,,,,,
2025,Carson Schwesinger,LB,UCLA,3-Jun,242,,39.5,20,,,,,,,
2025,Nic Scourton,EDGE,Texas A&M,3-Jun,257,,,,,,,,,,
2025,Tyler Shough,QB,Louisville,5-Jun,219,4.63,32,,117,,,,,,
2025,Marques Sigle,SAF,Kansas St.,11-May,199,4.37,38,,130,,,,,,
2025,Elijah Simmons,DT,Tennessee,1-Jun,334,5.37,32,,106,,,,,,
2025,Josh Simmons,OT,Ohio St.,5-Jun,317,,,,,,,,,,
2025,Cody Simon,LB,Ohio St.,2-Jun,229,,,,,,,,,,
2025,Joshua Simon,TE,South Carolina,4-Jun,239,4.65,38,,124,7.22,4.4,,,,
2025,Cam Skattebo,RB,Arizona St.,10-May,219,,39.5,,123,,,,,,
2025,Jackson Slater,G,Sacramento St.,3-Jun,311,5.01,28.5,,108,,,,,,
2025,Arian Smith,WR,Georgia,Jun-00,179,4.36,38,,127,6.82,4.19,,,,
2025,Brashard Smith,RB,SMU,10-May,194,4.39,32.5,,117,,,,,,
2025,Jaylin Smith,CB,USC,11-May,187,4.45,32.5,,122,,,,,,
2025,Tim Smith,DT,Alabama,4-Jun,302,,,,,,,,,,
2025,Barryn Sorrell,EDGE,Texas,3-Jun,256,4.68,34,28,121,7.06,4.36,,,,
2025,Nazir Stackhouse,DT,Georgia,4-Jun,327,5.15,27.5,,105,,,,,,
2025,Malaki Starks,SAF,Georgia,1-Jun,197,4.5,33,,,7.26,4.45,,,,
2025,Josaiah Stewart,EDGE,Michigan,1-Jun,249,,,,,,,,,,
2025,Shemar Stewart,EDGE,Texas A&M,5-Jun,267,4.59,40,,131,,,,,,
2025,Upton Stout,CB,Western Kentucky,9-May,181,4.44,37.5,21,128,,4.29,,,,
2025,Dorian Strong,CB,Virginia Tech,1-Jun,185,4.5,36,15,116,,,,,,
2025,Danny Stutsman,LB,Oklahoma,3-Jun,233,4.52,34,,,,,,,,
2025,Bradyn Swinson,EDGE,LSU,4-Jun,255,,,,,7.13,4.33,,,,
2025,Junior Tafuna,DT,Utah,4-Jun,308,5.03,28.5,24,,,,,,,
2025,Marcus Tate,G,Clemson,5-Jun,321,,,,,,,,,,
2025,Branson Taylor,OT,Pittsburgh,6-Jun,321,,,,,,,,,,
2025,Mason Taylor,TE,LSU,5-Jun,251,,,,,,,,,,
2025,Roc Taylor,WR,Memphis,2-Jun,213,4.49,30.5,,122,,,,,,
2025,Isaac TeSlaa,WR,Arkansas,4-Jun,214,4.43,39.5,17,129,6.85,4.05,,,,
2025,Azareye'h Thomas,CB,Florida St.,2-Jun,197,,,,122,,,,,,
2025,Jay Toia,DT,UCLA,2-Jun,342,,,,,,,,,,
2025,Ozzy Trapilo,OT,Boston Col.,8-Jun,316,5.21,,,106,7.71,4.7,,,,
2025,Jalen Travis,OT,Iowa St.,8-Jun,339,5.14,35,,112,,,,,,
2025,Xavier Truss,G,Georgia,7-Jun,309,5.24,26,,103,,,,,,
2025,JT Tuimoloau,EDGE,Ohio St.,4-Jun,265,,,,,,,,,,
2025,Shemar Turner,DT,Texas A&M,3-Jun,290,,,,,,,,,,
2025,Bhayshul Tuten,RB,Virginia Tech,9-May,206,4.32,40.5,,130,,4.41,,,,
2025,Princely Umanmielen,EDGE,Mississippi,4-Jun,244,4.72,38,,126,7.33,4.46,,,,
2025,Malik Verdon,SAF,Iowa St.,4-Jun,218,,,,,7.06,4.34,,,,
2025,Carson Vinson,OT,Alabama A&M,7-Jun,314,5.12,28.5,,111,7.51,,,,,
2025,David Walker,EDGE,Central Arkansas,1-Jun,263,4.69,35,26,118,7.15,4.39,,,,
2025,Deone Walker,DT,Kentucky,7-Jun,331,,25,,104,,,,,,
2025,Jalon Walker,LB,Georgia,1-Jun,243,,,,,,,,,,
2025,Justin Walley,CB,Minnesota,10-May,190,4.4,,,,,,,,,
2025,Cam Ward,QB,Miami,2-Jun,219,,,,,,,,,,
2025,Tyler Warren,TE,Penn St.,6-Jun,256,,,,,,,,,,
2025,Jordan Watkins,WR,Mississippi,11-May,196,4.37,36.5,,119,,,,,,
2025,Xavier Watts,SAF,Notre Dame,Jun-00,204,,,,,,,,,,
2025,Isas Waxter,CB,Villanova,1-Jun,209,4.56,35,,124,,,,,,
2025,Theo Wease,WR,Missouri,3-Jun,200,4.56,31,,117,,,,,,
2025,Robert Webb,C,Jacksonville St.,3-Jun,312,5.11,31,,107,,4.9,,,,
2025,CJ West,DT,Indiana,1-Jun,316,4.95,33,,,,,,,,
2025,LaJohntay Wester,WR,Colorado,10-May,163,4.46,32,,121,,,,,,
2025,Cameron Williams,OT,Texas,6-Jun,317,,,,,,,,,,
2025,John Williams,G,Cincinnati,4-Jun,322,5.17,,,,7.93,4.72,,,,
2025,Kyle Williams,WR,Washington St.,11-May,190,4.4,36.5,,119,,,,,,
2025,Mykel Williams,EDGE,Georgia,5-Jun,260,,,,,,,,,,
2025,Nohl Williams,CB,California,Jun-00,199,4.5,33.5,19,120,,,,,,
2025,Savion Williams,WR,TCU,4-Jun,222,4.48,,,,,,,,,
2025,Tyleik Williams,DT,Ohio St.,3-Jun,334,,,,,,,,,,
2025,Jared Wilson,C,Georgia,3-Jun,310,4.84,32,,112,,4.56,,,,
2025,Hunter Wohler,SAF,Wisconsin,2-Jun,213,4.57,37,,120,6.72,4.25,,,,
2025,Ernest Woodard,LB,UNLV,2-Jun,234,,,21,,,,,,,
2025,Craig Woodson,SAF,California,Jun-00,200,4.45,36,13,127,,,,,,
2025,Marcus Yarns,RB,Delaware,11-May,193,4.45,37.5,,122,,,,,,
2025,Grey Zabel,OT,North Dakota St.,6-Jun,312,,36.5,,111,,,,,,