player,pos,team_2024,team_2025,type,snaps,age,current_apy,guarantees,team_abbr_24,team_abbr_25
Josh Allen,QB,Bills,Bills,Extension,0.89,29,55000000,55000000,BUF,BUF
Matt Stafford,QB,Rams,Rams,Signed,0.9390000000000001,37,40000000,40000000,LAR,LAR
Davante Adams,WR,Jets,Rams,Signed,0.732,33,22000000,22000000,NYJ,LAR
Cooper Kupp,WR,Rams,Seahawks,Signed,0.584,32,15000000,15000000,LAR,SEA
Geno Smith,QB,Seahawks,Raiders,Trade,0.977,35,37500000,37500000,SEA,LV
Laremy Tunsil,LT,Texans,Commanders,Trade,0.929,31,25000000,25000000,HOU,WAS
Myles Garrett,EDGE,Browns,Browns,Extension,0.762,30,40000000,40000000,CLE,CLE
Danielle Hunter,EDGE,Texans,Texans,Signed,0.7,31,35600000,35600000,HOU,HOU
D.K. Metcalf,WR,Seahawks,Steelers,Trade,0.755,28,32999882,32999882,SEA,PIT
Deebo Samuel,WR,49ers,Commanders,Trade,0.632,29,23850000,23850000,SF,WAS
Maxx Crosby,EDGE,Raiders,Raiders,Extension,0.6890000000000001,28,35500000,35500000,LV,LV
Stefon Diggs,WR,Texans,Patriots,Signed,0.389,32,21166667,21166667,HOU,NE
Bradley Chubb,EDGE,Dolphins,Dolphins,Signed,0,29,18163333,18163333,MIA,MIA
Tee Higgins,WR,Bengals,Bengals,Franchise,0.5589999999999999,26,28750000,28750000,CIN,CIN
Joey Bosa,EDGE,Chargers,Bills,Signed,0.41700000000000004,30,12610000,12610000,LAC,BUF
Keenan Allen,WR,Bears,,UFA,0.748,33,20025000,20025000,CHI,NA
Chris Godwin,WR,Buccaneers,Buccaneers,Signed,0.349,29,22000000,22000000,TB,TB
Lane Johnson,RT,Eagles,Eagles,Extension,0.81,35,25000000,25000000,PHI,PHI
Amari Cooper,WR,Bills,,UFA,0.515,31,20000000,20000000,BUF,NA
Von Miller,EDGE,Bills,,SFA,0.253,36,19088750,19088750,BUF,NA
Khalil Mack,EDGE,Chargers,Chargers,Signed,0.564,34,18000000,18000000,LAC,LAC
Jake Matthews,LT,Falcons,Falcons,Extension,0.978,33,22500000,22500000,ATL,ATL
Diontae Johnson,WR,Ravens,,UFA,0.39899999999999997,29,18355000,18355000,BAL,NA
Jonathan Allen,IDL,Commanders,Vikings,Signed,0.278,30,17000000,17000000,WAS,MIN
Christian Kirk,WR,Jaguars,Texans,Signed,0.326,29,18000000,18000000,JAX,HOU
Cam Robinson,LT,Vikings,Texans,Signed,0.9209999999999999,30,12000000,12000000,MIN,HOU
Harold Landry,EDGE,Titans,Patriots,Signed,0.78,29,14500000,14500000,TEN,NE
Braden Smith,RT,Colts,Colts,Signed,0.672,29,8000000,8000000,IND,IND
Dre'Mont Jones,IDL,Seahawks,Titans,Signed,0.5770000000000001,28,8500000,8500000,SEA,TEN
Jonah Jackson,RG,Rams,Bears,Trade,0.244,28,14833333,14833333,LAR,CHI
Grady Jarrett,IDL,Falcons,Bears,Signed,0.6679999999999999,32,14250000,14250000,ATL,CHI
Joe Thuney,LG,Chiefs,Bears,Trade,0.973,33,16000000,16000000,KC,CHI
Jack Conklin,RT,Browns,Browns,Signed,0.6920000000000001,31,9000000,9000000,CLE,CLE
Haason Reddick,EDGE,Jets,Buccaneers,Signed,0.342,31,14000000,14000000,NYJ,TB
Uchenna Nwosu,EDGE,Seahawks,Seahawks,Signed,0.133,29,9755000,9755000,SEA,SEA
Tyler Lockett,WR,Seahawks,Titans,Signed,0.695,33,0,0,SEA,TEN
Carlton Davis,CB,Lions,Patriots,Signed,0.636,29,18000000,18000000,DET,NE
Matt Milano,LB,Bills,Bills,Signed,0.166,31,6306500,6306500,BUF,BUF
Evan Engram,TE,Jaguars,Broncos,Signed,0.35100000000000003,31,11500000,11500000,JAX,DEN
Charvarius Ward,CB,49ers,Colts,Signed,0.6509999999999999,29,18000000,18000000,SF,IND
Demarcus Lawrence,EDGE,Cowboys,Seahawks,Signed,0.124,33,10833333,10833333,DAL,SEA
Cameron Jordan,EDGE,Saints,Saints,Signed,0.48,36,6050000,6050000,NO,NO
DeAndre Hopkins,WR,Chiefs,Ravens,Signed,0.47200000000000003,33,5000000,5000000,KC,BAL
Chase Young,EDGE,Saints,Saints,Signed,0.63,26,17000000,17000000,NO,NO
Saquon Barkley,RB,Eagles,Eagles,Extension,0.6920000000000001,28,20600000,20600000,PHI,PHI
Gardner Minshew,QB,Raiders,Chiefs,Signed,0.502,29,1170000,1170000,LV,KC
Preston Smith,EDGE,Steelers,,SFA,0.43,33,12500000,12500000,PIT,NA
Ryan Kelly,C,Colts,Vikings,Signed,0.5529999999999999,32,9000000,9000000,IND,MIN
Sheldon Rankins,IDL,Bengals,Texans,Signed,0.253,31,5250000,5250000,CIN,HOU
Chidobe Awuzie,CB,Titans,Ravens,Signed,0.312,30,1255000,1255000,TEN,BAL
Za'Darius Smith,EDGE,Lions,,SFA,0.54,33,11500000,11500000,DET,NA
Matt Judon,EDGE,Falcons,,UFA,0.588,33,11250000,11250000,ATL,NA
Allen Lazard,WR,Jets,Jets,Signed,0.605,30,2500000,2500000,NYJ,NYJ
D.J. Reed,CB,Jets,Lions,Signed,0.721,29,16000000,16000000,NYJ,DET
Justin Reid,S,Chiefs,Saints,Signed,0.9009999999999999,28,10500000,10500000,KC,NO
Leonard Floyd,EDGE,49ers,Falcons,Signed,0.568,33,10000000,10000000,SF,ATL
Brandon Scherff,RG,Jaguars,,UFA,0.981,34,10000000,10000000,JAX,NA
Josh Sweat,EDGE,Eagles,Cardinals,Signed,0.594,28,19100000,19100000,PHI,ARI
Brandin Cooks,WR,Cowboys,Saints,Signed,0.402,32,6500000,6500000,DAL,NO
Mike Williams,WR,Steelers,Chargers,Signed,0.43200000000000005,31,3000000,3000000,PIT,LAC
Sam Darnold,QB,Vikings,Seahawks,Signed,0.9940000000000001,28,33500000,33500000,MIN,SEA
Sam Hubbard,EDGE,Bengals,,SFA,0.359,30,10000000,10000000,CIN,NA
D.J. Jones,IDL,Broncos,Broncos,Signed,0.371,30,13000000,13000000,DEN,DEN
B.J. Hill,IDL,Bengals,Bengals,Signed,0.624,30,11000000,11000000,CIN,CIN
Larry Ogunjobi,IDL,Steelers,Bills,Signed,0.452,31,6696735,6696735,PIT,BUF
Jonathan Jones,CB,Patriots,Commanders,Signed,0.588,32,5500000,5500000,NE,WAS
Davon Godchaux,IDL,Patriots,Saints,Trade,0.581,31,5500000,5500000,NE,NO
Harrison Smith,S,Vikings,Vikings,Signed,0.89,36,10250000,10250000,MIN,MIN
"Chauncey Gardner-Johnson, Jr.",S,Eagles,Texans,Trade,0.867,28,9000000,9000000,PHI,HOU
James Daniels,RG,Steelers,Dolphins,Signed,0.184,28,8000000,8000000,PIT,MIA
Zach Wilson,QB,Broncos,Dolphins,Signed,0,26,6000000,6000000,DEN,MIA
Byron Murphy,CB,Vikings,Vikings,Signed,0.9329999999999999,27,18000000,18000000,MIN,MIN
Austin Corbett,RG,Panthers,Panthers,Signed,0.281,30,3000000,3000000,CAR,CAR
Alex Cappa,RG,Bengals,Raiders,Signed,0.996,30,5510000,5510000,CIN,LV
Derek Stingley Jr.,CB,Texans,Texans,Extension,0.924,26,30000000,30000000,HOU,HOU
Trey Lance,QB,Cowboys,Chargers,Signed,0.084,25,2000000,2000000,DAL,LAC
Lavonte David,LB,Buccaneers,Buccaneers,Signed,0.965,35,9000000,9000000,TB,TB
Adam Thielen,WR,Panthers,Panthers,Signed,0.413,35,8750000,8750000,CAR,CAR
Dre Greenlaw,LB,49ers,Broncos,Signed,0.032,28,10500000,10500000,SF,DEN
Charles Omenihu,EDGE,Chiefs,Chiefs,Signed,0.20800000000000002,28,4000000,4000000,KC,KC
Andre James,C,Raiders,Chargers,Signed,0.625,28,1170000,1170000,LV,LAC
Andrew Wylie,RT,Commanders,Commanders,Signed,0.768,31,4000000,4000000,WAS,WAS
Jacoby Brissett,QB,Patriots,Cardinals,Signed,0.321,33,6250000,6250000,NE,ARI
Kenneth Murray,LB,Titans,Cowboys,Trade,0.773,27,7750000,7750000,TEN,DAL
Ja'Marr Chase,WR,Bengals,Bengals,Extension,0.927,25,40250000,40250000,CIN,CIN
Robert Woods,WR,Texans,,UFA,0.326,33,7625000,7625000,HOU,NA
Kendall Fuller,CB,Dolphins,,SFA,0.523,30,7500000,7500000,MIA,NA
Justin Simmons,S,Falcons,,UFA,0.914,32,7500000,7500000,ATL,NA
Ronnie Stanley,LT,Ravens,Ravens,Signed,0.981,31,20000000,20000000,BAL,BAL
Javon Kinlaw,IDL,Jets,Commanders,Signed,0.607,28,15000000,15000000,NYJ,WAS
Roy Robertson-Harris,IDL,Seahawks,Giants,Signed,0.342,32,4500000,4500000,SEA,NYG
Aaron Jones,RB,Vikings,Vikings,Signed,0.627,31,10000000,10000000,MIN,MIN
Marquise Brown,WR,Chiefs,Chiefs,Signed,0.039,28,7000000,7000000,KC,KC
Jerome Baker,LB,Titans,Browns,Signed,0.517,29,1422500,1422500,TEN,CLE
Raekwon Davis,IDL,Colts,,SFA,0.302,28,7000000,7000000,IND,NA
DeMarcus Walker,IDL,Bears,,SFA,0.6920000000000001,31,7000000,7000000,CHI,NA
Stephon Gilmore,CB,Vikings,,UFA,0.665,35,7000000,7000000,MIN,NA
Rasul Douglas,CB,Bills,,UFA,0.752,31,7000000,7000000,BUF,NA
Tyrann Mathieu,S,Saints,Saints,Signed,0.862,33,4000000,4000000,NO,NO
Tyler Conklin,TE,Jets,Chargers,Signed,0.7509999999999999,30,3000000,3000000,NYJ,LAC
Joseph Noteboom,LT,Rams,,UFA,0.20199999999999999,30,6750000,6750000,LAR,NA
Ja'Whaun Bentley,LB,Patriots,,SFA,0.055,29,6750000,6750000,NE,NA
T.J. Edwards,LB,Bears,Bears,Extension,0.988,29,10000000,10000000,CHI,CHI
Marcus Davenport,EDGE,Lions,Lions,Signed,0.081,29,2500000,2500000,DET,DET
Shy Tuttle,IDL,Panthers,Panthers,Signed,0.501,30,3000000,3000000,CAR,CAR
Bobby Wagner,LB,Commanders,Commanders,Signed,0.99,35,9000000,9000000,WAS,WAS
Tyron Smith,LT,Jets,,UFA,0.552,35,6500000,6500000,NYJ,NA
David Andrews,C,Patriots,,SFA,0.177,33,6500000,6500000,NE,NA
Miles Sanders,RB,Panthers,Cowboys,Signed,0.215,28,1337500,1337500,CAR,DAL
Darius Slayton,WR,Giants,Giants,Signed,0.775,28,12000000,12000000,NYG,NYG
Juwan Johnson,TE,Saints,Saints,Signed,0.6409999999999999,29,10250000,10250000,NO,NO
Marcus Mariota,QB,Commanders,Commanders,Signed,0.086,32,8000000,8000000,WAS,WAS
Gerald Everett,TE,Bears,,SFA,0.217,31,6000000,6000000,CHI,NA
Cole Holcomb,LB,Steelers,Steelers,Signed,0,29,2000000,2000000,PIT,PIT
Marcus Epps,S,Raiders,Patriots,Signed,0.158,29,2025000,2025000,LV,NE
Donte Jackson,CB,Steelers,Chargers,Signed,0.7140000000000001,30,6500000,6500000,PIT,LAC
Kevin Zeitler,RG,Lions,Titans,Signed,0.914,35,9000000,9000000,DET,TEN
Mike Hilton,CB,Bengals,,UFA,0.649,31,6000000,6000000,CIN,NA
Rayshawn Jenkins,S,Seahawks,,SFA,0.486,31,6000000,6000000,SEA,NA
Mo Alie-Cox,TE,Colts,Colts,Signed,0.43700000000000006,32,2200000,2200000,IND,IND
Matt Gay,K,Colts,Commanders,Signed,0.316,31,0,0,IND,WAS
Deatrich Wise,EDGE,Patriots,Commanders,Signed,0.365,31,3250000,3250000,NE,WAS
Jaycee Horn,CB,Panthers,Panthers,Extension,0.851,26,25000000,25000000,CAR,CAR
Kalif Raymond,WR,Lions,Lions,Signed,0.184,31,4000000,4000000,DET,DET
Mitch Morse,C,Jaguars,,SFA,0.988,33,5250000,5250000,JAX,NA
Patrick Mekari,RG,Ravens,Jaguars,Signed,0.899,28,12500000,12500000,BAL,JAX
Folorunso Fatukasi,IDL,Texans,,UFA,0.281,30,5125000,5125000,HOU,NA
De'Vondre Campbell,LB,49ers,,UFA,0.674,32,5000000,5000000,SF,NA
D.J. Humphries,LT,Chiefs,,UFA,0.08,32,5000000,5000000,KC,NA
Andy Dalton,QB,Panthers,Panthers,Signed,0.294,38,4000000,4000000,CAR,CAR
Anthony Nelson,EDGE,Buccaneers,Buccaneers,Signed,0.513,28,5000000,5000000,TB,TB
Kyzir White,LB,Cardinals,,UFA,0.937,29,5000000,5000000,ARI,NA
Isaiah Simmons,LB,Giants,Packers,Signed,0.165,27,0,0,NYG,GB
Jarrett Stidham,QB,Broncos,Broncos,Signed,0.013000000000000001,29,6000000,6000000,DEN,DEN
Morgan Moses,RT,Jets,Patriots,Signed,0.674,34,8000000,8000000,NYJ,NE
Xavier Woods,S,Panthers,Titans,Signed,1,30,4000000,4000000,CAR,TEN
Drew Lock,QB,Giants,Seahawks,Signed,0.285,29,2500000,2500000,NYG,SEA
Nathan Shepherd,IDL,Saints,Saints,Signed,0.48200000000000004,32,4260000,4260000,NO,NO
Jedrick Wills,LT,Browns,,UFA,0.20800000000000002,26,4925729,4925729,CLE,NA
Alaric Jackson,LT,Rams,Rams,Signed,0.82,27,19250000,19250000,LAR,LAR
Trent Brown,RT,Bengals,Texans,Signed,0.122,32,2350000,2350000,CIN,HOU
Jeff Okudah,CB,Texans,Vikings,Signed,0.07,26,2350000,2350000,HOU,MIN
Justin Fields,QB,Steelers,Jets,Signed,0.361,26,20000000,20000000,PIT,NYJ
George Fant,LT,Seahawks,,SFA,0.027000000000000003,33,4550000,4550000,SEA,NA
Shaquill Griffin,CB,Vikings,,UFA,0.504,30,4550000,4550000,MIN,NA
Kyle Juszczyk,FB,49ers,49ers,Signed,0.498,34,3750000,3750000,SF,SF
Lorenzo Carter,EDGE,Falcons,Titans,Signed,0.36700000000000005,30,1422500,1422500,ATL,TEN
Josh Reynolds,WR,Jaguars,Jets,Signed,0.29100000000000004,30,2750000,2750000,JAX,NYJ
Will Hernandez,RG,Cardinals,,UFA,0.255,30,4500000,4500000,ARI,NA
Jordan Whitehead,S,Buccaneers,,UFA,0.655,28,4500000,4500000,TB,NA
Joe Flacco,QB,Colts,Browns,Signed,0.43,40,4250000,4250000,IND,CLE
Jarran Reed,IDL,Seahawks,Seahawks,Signed,0.601,33,7333333,7333333,SEA,SEA
Tyrel Dodson,LB,Dolphins,Dolphins,Signed,0.77,27,3125000,3125000,MIA,MIA
Tre'Davious White,CB,Ravens,Bills,Signed,0.36,30,3000000,3000000,BAL,BUF
Devin Duvernay,WR,Jaguars,Bears,Signed,0.184,28,1337500,1337500,JAX,CHI
Ronald Darby,CB,Jaguars,Texans,Signed,0.551,31,2000000,2000000,JAX,HOU
Dane Jackson,CB,Panthers,Bills,Signed,0.23,29,1337500,1337500,CAR,BUF
Raheem Mostert,RB,Dolphins,Raiders,Signed,0.244,33,1600000,1600000,MIA,LV
Jeremy Chinn,S,Commanders,Raiders,Signed,0.943,27,8129000,8129000,WAS,LV
Nate Herbig,RG,Steelers,Commanders,Signed,0,27,1337500,1337500,PIT,WAS
Jamaal Williams,RB,Saints,,SFA,0.272,30,4000000,4000000,NO,NA
Chukwuma Okorafor,RT,Patriots,Jets,Signed,0.011000000000000001,28,1337500,1337500,NE,NYJ
Yosuah Nijman,LT,Panthers,Panthers,Signed,0.18,29,2000000,2000000,CAR,CAR
Zack Moss,RB,Bengals,Bengals,Signed,0.261,28,1700000,1700000,CIN,CIN
Brandon Graham,EDGE,Eagles,,Void,0.297,37,4000000,4000000,PHI,NA
Sebastian Joseph-Day,IDL,Titans,Titans,Signed,0.46,30,6500000,6500000,TEN,TEN
Demarcus Robinson,WR,Rams,49ers,Signed,0.818,31,4000000,4000000,LAR,SF
K.J. Osborn,WR,Commanders,Commanders,Signed,0.228,28,1195000,1195000,WAS,WAS
E.J. Speed,LB,Colts,Texans,Signed,0.8740000000000001,30,3500000,3500000,IND,HOU
Jameis Winston,QB,Browns,Giants,Signed,0.42700000000000005,31,4000000,4000000,CLE,NYG
Kenyon Green,LG,Texans,Eagles,Signed,0.527,24,3988352,3988352,HOU,PHI
Mac Jones,QB,Jaguars,49ers,Signed,0.48100000000000004,27,3500000,3500000,JAX,SF
Durham Smythe,TE,Dolphins,Bears,Signed,0.32,30,2500000,2500000,MIA,CHI
Nick Folk,K,Titans,,UFA,0.201,41,3755000,3755000,TEN,NA
Jalen Reeves-Maybin,LB,Lions,,SFA,0.145,30,3750000,3750000,DET,NA
Patrick Ricard,FB,Ravens,Ravens,Signed,0.392,31,2872500,2872500,BAL,BAL
Matt Prater,K,Cardinals,,UFA,0.08199999999999999,41,3750000,3750000,ARI,NA
Nelson Agholor,WR,Ravens,,UFA,0.37799999999999995,32,3750000,3750000,BAL,NA
Clelin Ferrell,EDGE,Commanders,Commanders,Signed,0.341,28,2000000,2000000,WAS,WAS
Julian Blackmon,S,Colts,,UFA,0.937,27,3700000,3700000,IND,NA
Morgan Fox,IDL,Chargers,Falcons,Signed,0.528,31,2750000,2750000,LAC,ATL
Ashton Dulin,WR,Colts,Colts,Signed,0.16699999999999998,28,3250000,3250000,IND,IND
Kenny Pickett,QB,Eagles,Browns,Trade,0.11599999999999999,27,3516976,3516976,PHI,CLE
Mike Hughes,CB,Falcons,Falcons,Signed,0.647,28,6000000,6000000,ATL,ATL
Greg Gaines,IDL,Buccaneers,Buccaneers,Signed,0.354,29,3500000,3500000,TB,TB
Zack Baun,LB,Eagles,Eagles,Signed,0.897,29,17000000,17000000,PHI,PHI
Elandon Roberts,LB,Steelers,Raiders,Signed,0.43799999999999994,31,3010000,3010000,PIT,LV
Robert Spillane,LB,Raiders,Patriots,Signed,0.982,30,11000000,11000000,LV,NE
Austin Johnson,IDL,Bills,,UFA,0.27699999999999997,31,3500000,3500000,BUF,NA
Kaiir Elam,CB,Bills,Cowboys,Trade,0.276,24,3422703,3422703,BUF,DAL
Dennis Gardeck,EDGE,Cardinals,,UFA,0.19,31,3333333,3333333,ARI,NA
Sione Takitaki,LB,Patriots,,SFA,0.174,30,3322500,3322500,NE,NA
Tress Way,P,Commanders,Commanders,Signed,0.299,35,2872500,2872500,WAS,WAS
Najee Harris,RB,Steelers,Chargers,Signed,0.504,27,5250000,5250000,PIT,LAC
Gus Edwards,RB,Chargers,,SFA,0.209,30,3250000,3250000,LAC,NA
Harrison Bryant,TE,Raiders,Eagles,Signed,0.19,27,1200000,1200000,LV,PHI
Dante Fowler Jr.,EDGE,Commanders,Cowboys,Signed,0.521,31,6000000,6000000,WAS,DAL
Jordan Fuller,S,Panthers,Falcons,Signed,0.47200000000000003,27,1335000,1335000,CAR,ATL
Emmanuel Ogbah,EDGE,Dolphins,Jaguars,Signed,0.6890000000000001,32,0,0,MIA,JAX
Pharaoh Brown,TE,Seahawks,Dolphins,Signed,0.24,31,1355000,1355000,SEA,MIA
Michael Davis,CB,Commanders,,UFA,0.127,30,3200000,3200000,WAS,NA
Jimmy Garoppolo,QB,Rams,Rams,Signed,0.061,34,3005000,3005000,LAR,LAR
Darrell Taylor,EDGE,Bears,Texans,Signed,0.35100000000000003,28,4750000,4750000,CHI,HOU
Payton Turner,EDGE,Saints,Cowboys,Signed,0.284,26,2500000,2500000,NO,DAL
Case Keenum,QB,Texans,Bears,Signed,0,37,2250000,2250000,HOU,CHI
Kristian Fulton,CB,Chargers,Chiefs,Signed,0.695,27,10000000,10000000,LAC,KC
Shaq Thompson,LB,Panthers,,UFA,0.201,31,3105000,3105000,CAR,NA
Damontae Kazee,S,Steelers,,UFA,0.265,32,3000000,3000000,PIT,NA
Solomon Thomas,IDL,Jets,Cowboys,Signed,0.39899999999999997,30,3000000,3000000,NYJ,DAL
Joshua Uche,EDGE,Chiefs,Eagles,Signed,0.225,27,1920000,1920000,KC,PHI
John Cominsky,IDL,Lions,,UFA,0,30,3000000,3000000,DET,NA
Eric Kendricks,LB,Cowboys,,UFA,0.833,33,3000000,3000000,DAL,NA
"Willie Gay, Jr.",LB,Saints,Dolphins,Signed,0.239,27,1337500,1337500,NO,MIA
Coleman Shelton,RG,Bears,Rams,Signed,0.988,30,6000000,6000000,CHI,LAR
Isaac Yiadom,CB,49ers,Saints,Signed,0.455,29,3000000,3000000,SF,NO
Zach Ertz,TE,Commanders,Commanders,Signed,0.6629999999999999,35,6250000,6250000,WAS,WAS
Bryan Anger,P,Cowboys,Cowboys,Signed,0.295,37,3200000,3200000,DAL,DAL
Ben Bredeson,LG,Buccaneers,Buccaneers,Signed,0.988,27,7333333,7333333,TB,TB
M.J. Stewart,S,Texans,Texans,Signed,0.086,30,2500000,2500000,HOU,HOU
D.J. Chark,WR,Chargers,,UFA,0.098,29,3000000,3000000,LAC,NA
Quandre Diggs,S,Titans,,UFA,0.396,32,3000000,3000000,TEN,NA
Austin Hooper,TE,Patriots,Patriots,Signed,0.526,31,5000000,5000000,NE,NE
Michael Hoecht,EDGE,Rams,Bills,Signed,0.573,28,7000000,7000000,LAR,BUF
Eric Stokes,CB,Packers,Raiders,Signed,0.54,26,3500000,3500000,GB,LV
Gregory Rousseau,EDGE,Bills,Bills,Extension,0.6659999999999999,25,20000000,20000000,BUF,BUF
Cedrick Wilson Jr.,WR,Saints,Saints,Signed,0.353,30,1170000,1170000,NO,NO
Emmanuel Moseley,CB,Lions,,UFA,0,29,2875000,2875000,DET,NA
Mason Rudolph,QB,Titans,Steelers,Signed,0.43200000000000005,30,3750000,3750000,TEN,PIT
Jourdan Lewis,CB,Cowboys,Jaguars,Signed,0.79,30,10000000,10000000,DAL,JAX
Cornelius Lucas,LT,Commanders,Browns,Signed,0.402,34,3250000,3250000,WAS,CLE
Joe Tryon-Shoyinka,EDGE,Buccaneers,Browns,Signed,0.483,26,4750000,4750000,TB,CLE
John Jenkins,IDL,Raiders,,UFA,0.546,36,2750000,2750000,LV,NA
Daniel Brunskill,RG,Titans,,UFA,0.624,31,2750000,2750000,TEN,NA
Jon Feliciano,LG,49ers,,UFA,0,33,2750000,2750000,SF,NA
Jerry Tillery,IDL,Vikings,Chiefs,Signed,0.41100000000000003,29,1790000,1790000,MIN,KC
Mekhi Becton,RG,Eagles,Chargers,Signed,0.78,26,10000000,10000000,PHI,LAC
A.J. Dillon,RB,Packers,Eagles,Signed,0,27,1337500,1337500,GB,PHI
Ashtyn Davis,S,Jets,Dolphins,Signed,0.22699999999999998,29,2500000,2500000,NYJ,MIA
Malik Harrison,LB,Ravens,Steelers,Signed,0.32799999999999996,27,5000000,5000000,BAL,PIT
Akeem Davis-Gaither,LB,Bengals,Cardinals,Signed,0.47,28,5000000,5000000,CIN,ARI
Tershawn Wharton,IDL,Chiefs,Panthers,Signed,0.617,27,15016667,15016667,KC,CAR
Easton Stick,QB,Chargers,Falcons,Signed,0,30,1337500,1337500,LAC,ATL
Del'Shawn Phillips,LB,Texans,Chargers,Signed,0.025,29,2000000,2000000,HOU,LAC
Mack Hollins,WR,Bills,Patriots,Signed,0.6629999999999999,32,4200000,4200000,BUF,NE
Sam Franklin,S,Panthers,Broncos,Signed,0.003,29,1337500,1337500,CAR,DEN
Kelvin Beachum,RT,Cardinals,Cardinals,Signed,0.677,36,4000000,4000000,ARI,ARI
Johnny Hekker,P,Panthers,Titans,Signed,0.282,35,1422500,1422500,CAR,TEN
Taylor Heinicke,QB,Chargers,Chargers,Signed,0.021,32,2500000,2500000,LAC,LAC
Dawuane Smoot,EDGE,Bills,,UFA,0.292,30,2500000,2500000,BUF,NA
Linval Joseph,IDL,Cowboys,,UFA,0.24,37,2500000,2500000,DAL,NA
Tremon Smith,CB,Broncos,Texans,Signed,0.016,29,3250000,3250000,DEN,HOU
Carson Wentz,QB,Chiefs,,UFA,0.033,33,2500000,2500000,KC,NA
Duke Riley,LB,Dolphins,,UFA,0.039,31,2500000,2500000,MIA,NA
Cooper Rush,QB,Cowboys,Ravens,Signed,0.488,32,3100000,3100000,DAL,BAL
Isaiah Oliver,CB,Jets,Jets,Signed,0.503,29,2500000,2500000,NYJ,NYJ
Mike Gesicki,TE,Bengals,Bengals,Signed,0.46,30,8500000,8500000,CIN,CIN
Kendall Lamm,RT,Dolphins,Eagles,Signed,0.449,33,1505000,1505000,MIA,PHI
Wes Schweitzer,C,Jets,Patriots,Signed,0.001,32,1555000,1555000,NYJ,NE
Cody Whitehair,LG,Raiders,,UFA,0.19699999999999998,33,2500000,2500000,LV,NA
Cody Barton,LB,Broncos,Titans,Signed,0.912,29,7000000,7000000,DEN,TEN
Tanoh Kpassagnon,EDGE,Saints,,UFA,0.062,31,2500000,2500000,NO,NA
Leki Fotu,IDL,Jets,Raiders,Signed,0.04,27,1439500,1439500,NYJ,LV
Dalton Risner,LG,Vikings,,UFA,0.48100000000000004,30,2410000,2410000,MIN,NA
Tyler Boyd,WR,Titans,,UFA,0.58,31,2400000,2400000,TEN,NA
Nick Harris,C,Browns,,UFA,0.076,27,2395000,2395000,CLE,NA
Evan Brown,C,Cardinals,Cardinals,Signed,0.976,29,5750000,5750000,ARI,ARI
Neville Hewitt,LB,Texans,,UFA,0.311,32,2300000,2300000,HOU,NA
Denzel Perryman,LB,Chargers,Chargers,Signed,0.311,33,2655000,2655000,LAC,LAC
Reggie Gilliam,FB,Bills,Bills,Signed,0.128,28,2000000,2000000,BUF,BUF
Nick Chubb,RB,Browns,,UFA,0.2,30,2275000,2275000,CLE,NA
Royce Newman,LG,Buccaneers,Cardinals,Signed,0.003,28,1337500,1337500,TB,ARI
Jonathan Bullard,IDL,Vikings,,UFA,0.505,32,2250000,2250000,MIN,NA
Zay Jones,WR,Cardinals,Cardinals,Signed,0.23399999999999999,30,2400000,2400000,ARI,ARI
Joshua Dobbs,QB,49ers,Patriots,Signed,0.075,30,4000000,4000000,SF,NE
Zach Pascal,WR,Cardinals,Giants,Signed,0.062,31,1422500,1422500,ARI,NYG
Jalen Pitre,CB,Texans,Texans,Extension,0.603,26,13000000,13000000,HOU,HOU
Elijah Moore,WR,Browns,,UFA,0.7559999999999999,25,2235106,2235106,CLE,NA
Javonte Williams,RB,Broncos,Cowboys,Signed,0.521,25,3000000,3000000,DEN,DAL
Marco Wilson,CB,Bengals,Bengals,Signed,0.21600000000000003,26,1520000,1520000,CIN,CIN
Jevon Holland,S,Dolphins,Giants,Signed,0.8029999999999999,25,15100000,15100000,MIA,NYG
Kyler Gordon,CB,Bears,Bears,Extension,0.679,26,13333333,13333333,CHI,CHI
Braxton Berrios,WR,Dolphins,Texans,Signed,0.098,30,1800000,1800000,MIA,HOU
Amen Ogbongbemiga,LB,Bears,Bears,Signed,0.013999999999999999,27,2500000,2500000,CHI,CHI
Corey Ballentine,CB,Packers,Colts,Signed,0.07,29,1337500,1337500,GB,IND
Teven Jenkins,RG,Bears,Browns,Signed,0.65,27,3050000,3050000,CHI,CLE
Richie Grant,S,Falcons,49ers,Signed,0.146,28,1500000,1500000,ATL,SF
Johnathan Hankins,IDL,Seahawks,,UFA,0.345,33,2050000,2050000,SEA,NA
Eddy Pineiro,K,Panthers,,UFA,0.268,30,2050000,2050000,CAR,NA
Levi Onwuzurike,IDL,Lions,Lions,Signed,0.579,27,4000000,4000000,DET,DET
Brandon Allen,QB,49ers,Titans,Signed,0.05,33,1422500,1422500,SF,TEN
Liam Eichenberg,C,Dolphins,Dolphins,Signed,0.909,27,2225000,2225000,MIA,MIA
Travis Homer,RB,Bears,Bears,Signed,0.066,27,1750000,1750000,CHI,CHI
Calais Campbell,IDL,Dolphins,Cardinals,Signed,0.578,39,5500000,5500000,MIA,ARI
Avonte Maddox,CB,Eagles,Lions,Signed,0.33,29,1422500,1422500,PHI,DET
Daniel Ekuale,IDL,Patriots,Steelers,Signed,0.6459999999999999,31,2800000,2800000,NE,PIT
Chuck Clark,S,Jets,,UFA,0.5720000000000001,30,2000000,2000000,NYJ,NA
Sam Martin,P,Bills,Panthers,Signed,0.336,35,1600000,1600000,BUF,CAR
Olisaemeka Udoh,LT,Saints,Titans,Signed,0.13699999999999998,28,1170000,1170000,NO,TEN
Jordan Poyer,S,Dolphins,,UFA,0.9059999999999999,34,2000000,2000000,MIA,NA
Marcedes Lewis,TE,Bears,,UFA,0.19399999999999998,41,2000000,2000000,CHI,NA
Greg Van Roten,RG,Giants,Giants,Signed,1,35,3250000,3250000,NYG,NYG
Johnny Mundt,TE,Vikings,Jaguars,Signed,0.389,31,2750000,2750000,MIN,JAX
Andrus Peat,LG,Raiders,,UFA,0.051,32,2000000,2000000,LV,NA
Arthur Maulet,CB,Ravens,,SFA,0.063,32,2000000,2000000,BAL,NA
Robert Jones,RG,Dolphins,Cowboys,Signed,0.9470000000000001,26,3750000,3750000,MIA,DAL
J.K. Scott,P,Chargers,Chargers,Signed,0.33299999999999996,29,3000000,3000000,LAC,LAC
Alexander Mattison,RB,Raiders,Dolphins,Signed,0.395,27,1337500,1337500,LV,MIA
Derrick Nnadi,IDL,Chiefs,Jets,Signed,0.204,29,1422500,1422500,KC,NYJ
Jamie Gillan,P,Giants,Giants,Signed,0.233,28,3000000,3000000,NYG,NYG
Kevin Givens,IDL,49ers,49ers,Signed,0.17300000000000001,28,2050000,2050000,SF,SF
Nick Westbrook-Ikhine,WR,Titans,Dolphins,Signed,0.705,28,2995000,2995000,TEN,MIA
Taven Bryan,IDL,Colts,,UFA,0.294,29,2000000,2000000,IND,NA
Brandon Powell,WR,Vikings,,UFA,0.191,30,2000000,2000000,MIN,NA
Derek Barnett,EDGE,Texans,Texans,Signed,0.35600000000000004,29,4000000,4000000,HOU,HOU
Trevon Moehrig,S,Raiders,Panthers,Signed,0.987,26,17000000,17000000,LV,CAR
Jordan Akins,TE,Browns,,UFA,0.386,33,1950000,1950000,CLE,NA
Siran Neal,CB,Dolphins,49ers,Signed,0.055,31,2000000,2000000,MIA,SF
Demetrius Flannigan-Fowles,S,49ers,Giants,Signed,0.141,29,1337500,1337500,SF,NYG
Nick Mullens,QB,Vikings,Jaguars,Signed,0.006,30,2250000,2250000,MIN,JAX
Isaiah Wynn,RT,Dolphins,,UFA,0.091,30,1885000,1885000,MIA,NA
Ameer Abdullah,RB,Raiders,,UFA,0.365,32,1850000,1850000,LV,NA
Jeremiah Ledbetter,IDL,Jaguars,Giants,Signed,0.369,31,1775000,1775000,JAX,NYG
Asante Samuel Jr.,CB,Chargers,,UFA,0.214,26,1805737,1805737,LAC,NA
Maurice Hurst,IDL,Browns,,UFA,0.151,30,1800000,1800000,CLE,NA
David Quessenberry,RG,Vikings,,UFA,0.098,35,1800000,1800000,MIN,NA
Adam Butler,IDL,Raiders,Raiders,Signed,0.77,31,5500000,5500000,LV,LV
Michael Deiter,C,Commanders,Commanders,Signed,0.19899999999999998,29,1337500,1337500,WAS,WAS
Dan Feeney,LG,Vikings,,UFA,0,31,1800000,1800000,MIN,NA
Poona Ford,IDL,Chargers,Rams,Signed,0.5529999999999999,30,9200000,9200000,LAC,LAR
Trent Sherfield,WR,Vikings,Broncos,Signed,0.16,29,3000000,3000000,MIN,DEN
Troy Dye,LB,Chargers,Chargers,Signed,0.29100000000000004,29,2750000,2750000,LAC,LAC
Josh Jones,RG,Ravens,Seahawks,Signed,0.040999999999999995,28,4000000,4000000,BAL,SEA
Benito Jones,IDL,Dolphins,Dolphins,Signed,0.452,28,2000000,2000000,MIA,MIA
Jihad Ward,EDGE,Vikings,,UFA,0.41100000000000003,31,1790000,1790000,MIN,NA
Aaron Banks,LG,49ers,Packers,Signed,0.718,28,19250000,19250000,SF,GB
Kentavius Street,EDGE,Falcons,Falcons,Signed,0.252,29,1337500,1337500,ATL,ATL
Adoree' Jackson,CB,Giants,Eagles,Signed,0.39,30,1755000,1755000,NYG,PHI
Trystan Colon,C,Cardinals,,UFA,0.35200000000000004,27,1750000,1750000,ARI,NA
Khyiris Tonga,IDL,Cardinals,Patriots,Signed,0.21100000000000002,29,2100000,2100000,ARI,NE
Jeff Wilson,RB,Dolphins,,UFA,0.062,30,1750000,1750000,MIA,NA
Eric Murray,S,Texans,Jaguars,Signed,0.782,31,6500000,6500000,HOU,JAX
Riley Dixon,P,Broncos,Buccaneers,Signed,0.28800000000000003,32,3000000,3000000,DEN,TB
Rondale Moore,WR,Falcons,Vikings,Signed,0,25,2000000,2000000,ATL,MIN
Justin Watson,WR,Chiefs,Texans,Signed,0.598,29,2500000,2500000,KC,HOU
Kris Boyd,CB,Texans,Jets,Signed,0.044000000000000004,29,1600000,1600000,HOU,NYJ
Azeez Ojulari,EDGE,Giants,Eagles,Signed,0.358,25,3000000,3000000,NYG,PHI
Blake Hance,RT,Jaguars,Titans,Signed,0.094,29,1320000,1320000,JAX,TEN
Mario Edwards Jr.,IDL,Texans,Texans,Signed,0.425,31,4750000,4750000,HOU,HOU
Khalil Davis,IDL,49ers,,UFA,0.192,29,1650000,1650000,SF,NA
J.K. Dobbins,RB,Chargers,,UFA,0.5,27,1610000,1610000,LAC,NA
Dillon Radunz,RT,Titans,Saints,Signed,0.8240000000000001,27,2250000,2250000,TEN,NO
Joe Cardona,LS,Patriots,,SFA,0.264,33,1575000,1575000,NE,NA
Trey McBride,TE,Cardinals,Cardinals,Extension,0.852,26,19000000,19000000,ARI,ARI
Chris Conley,WR,49ers,,UFA,0.222,33,1550000,1550000,SF,NA
Dayo Odeyingbo,EDGE,Colts,Bears,Signed,0.6459999999999999,26,16000000,16000000,IND,CHI
Trenton Scott,RT,Commanders,Commanders,Signed,0.165,31,1422500,1422500,WAS,WAS
Elijah Campbell,CB,Dolphins,Dolphins,Signed,0.071,30,1900000,1900000,MIA,MIA
Tavierre Thomas,CB,Buccaneers,Vikings,Signed,0.04,29,2000000,2000000,TB,MIN
Samaje Perine,RB,Chiefs,Bengals,Signed,0.258,30,1800000,1800000,KC,CIN
Dare Ogunbowale,RB,Texans,Texans,Signed,0.28,31,1800000,1800000,HOU,HOU
Devin Bush,LB,Browns,Browns,Signed,0.419,27,3250000,3250000,CLE,CLE
Chase Edmonds,RB,Buccaneers,,UFA,0,29,1500000,1500000,TB,NA
K'Von Wallace,S,Seahawks,,UFA,0.11199999999999999,28,1500000,1500000,SEA,NA
Ed Ingram,RG,Vikings,Texans,Trade,0.519,26,1499494,1499494,MIN,HOU
Nyheim Hines,RB,Browns,,SFA,0,29,1495000,1495000,CLE,NA
Tutu Atwell,WR,Rams,Rams,Signed,0.39,26,10000000,10000000,LAR,LAR
Fabian Moreau,CB,Vikings,,UFA,0.09,31,1460000,1460000,MIN,NA
Nick Bolton,LB,Chiefs,Chiefs,Signed,0.87,25,15000000,15000000,KC,KC
JaMycal Hasty,RB,Patriots,,UFA,0.098,29,1450000,1450000,NE,NA
Charley Hughlett,LS,Browns,Eagles,Signed,0.07200000000000001,35,1442500,1442500,CLE,PHI
Kenny Yeboah,TE,Jets,Lions,Signed,0.099,27,1337500,1337500,NYJ,DET
Khalil Dorsey,CB,Lions,Lions,Signed,0.067,27,1650000,1650000,DET,DET
Christian Rozeboom,LB,Rams,Panthers,Signed,0.743,28,2500000,2500000,LAR,CAR
Josh Myers,C,Packers,Jets,Signed,0.93,27,2000000,2000000,GB,NYJ
Kyle Trask,QB,Buccaneers,Buccaneers,Signed,0.017,27,2787500,2787500,TB,TB
Jon Weeks,LS,Texans,49ers,Signed,0.33299999999999996,39,1422500,1422500,HOU,SF
John Johnson,S,Rams,,UFA,0.053,30,1377500,1377500,LAR,NA
Morgan Cox,LS,Titans,Titans,Signed,0.262,39,1422500,1422500,TEN,TEN
Rodney McLeod,S,Browns,,UFA,0.524,35,1377500,1377500,CLE,NA
Marcus Maye,S,Chargers,,UFA,0.377,32,1377500,1377500,LAC,NA
Chris Manhertz,TE,Giants,Giants,Signed,0.304,33,1422500,1422500,NYG,NYG
Josh Johnson,QB,Ravens,Commanders,Signed,0.032,39,1422500,1422500,BAL,WAS
Anthony Walker Jr.,LB,Dolphins,Buccaneers,Signed,0.485,30,1422500,1422500,MIA,TB
Lucas Patrick,RG,Saints,Bengals,Signed,0.517,32,2100000,2100000,NO,CIN
Antonio Hamilton,CB,Falcons,,UFA,0.035,32,1377500,1377500,ATL,NA
William Gholston,IDL,Buccaneers,,UFA,0.18100000000000002,34,1377500,1377500,TB,NA
Kamu Grugier-Hill,LB,Vikings,,UFA,0.158,31,1377500,1377500,MIN,NA
Eric Wilson,LB,Packers,Vikings,Signed,0.512,31,2600000,2600000,GB,MIN
James Winchester,LS,Chiefs,Chiefs,Signed,0.297,36,1650000,1650000,KC,KC
Patrick Scales,LS,Bears,,UFA,0,37,1377500,1377500,CHI,NA
Brent Urban,IDL,Ravens,,UFA,0.17300000000000001,34,1377500,1377500,BAL,NA
Casey Kreiter,LS,Giants,Giants,Signed,0.29600000000000004,35,1422500,1422500,NYG,NYG
Aaron Brewer,LS,Cardinals,Cardinals,Signed,0.307,35,1422500,1422500,ARI,ARI
Mike Pennel,IDL,Chiefs,Chiefs,Signed,0.29600000000000004,34,1422500,1422500,KC,KC
C.J. Goodwin,CB,Cowboys,Cowboys,Signed,0.004,35,1422500,1422500,DAL,DAL
J.J. Jansen,LS,Panthers,Panthers,Signed,0.27399999999999997,39,1422500,1422500,CAR,CAR
Luke Fortner,C,Jaguars,Jaguars,Signed,0.013000000000000001,27,1500000,1500000,JAX,JAX
Iosua Opeta,LG,Buccaneers,Buccaneers,Signed,0,29,1337500,1337500,TB,TB
Quinton Jefferson,IDL,Bills,,UFA,0.23199999999999998,32,1370000,1370000,BUF,NA
Nicholas Petit-Frere,RT,Titans,,SFA,0.568,26,1363935,1363935,TEN,NA
Caleb Johnson,LB,Jaguars,,UFA,0.001,27,1350000,1350000,JAX,NA
Cody Ford,RG,Bengals,Bengals,Signed,0.606,29,3000000,3000000,CIN,CIN
Sterling Shepard,WR,Buccaneers,Buccaneers,Signed,0.446,32,1500000,1500000,TB,TB
Steven Sims,WR,Ravens,Seahawks,Signed,0.009000000000000001,28,1170000,1170000,BAL,SEA
Taybor Pepper,LS,49ers,,SFA,0.287,31,1320000,1320000,SF,NA
C.J. Beathard,QB,Jaguars,,UFA,0,32,1310000,1310000,JAX,NA
Andre Cisco,S,Jaguars,Jets,Signed,0.8190000000000001,25,8500000,8500000,JAX,NYJ
Justin Strnad,LB,Broncos,Broncos,Signed,0.585,29,2787500,2787500,DEN,DEN
Ian Thomas,TE,Panthers,Raiders,Signed,0.09,29,1524500,1524500,CAR,LV
Jerry Hughes,EDGE,Texans,,UFA,0.084,37,1300000,1300000,HOU,NA
Joseph Ossai,EDGE,Bengals,Bengals,Signed,0.506,25,6500000,6500000,CIN,CIN
Van Jefferson,WR,Steelers,Titans,Signed,0.639,29,1670000,1670000,PIT,TEN
Ty Johnson,RB,Bills,Bills,Signed,0.29,28,2500000,2500000,BUF,BUF
Storm Norton,RT,Falcons,Falcons,Signed,0.111,31,1500000,1500000,ATL,ATL
Michael Dunn,LG,Browns,,UFA,0.145,31,1292500,1292500,CLE,NA
Noah Igbinoghene,CB,Commanders,Commanders,Signed,0.755,26,1500000,1500000,WAS,WAS
Da'Shawn Hand,EDGE,Dolphins,Chargers,Signed,0.529,30,2350000,2350000,MIA,LAC
River Cracraft,WR,Dolphins,Seahawks,Signed,0.105,31,1170000,1170000,MIA,SEA
Scott Miller,WR,Steelers,Steelers,Signed,0.18600000000000003,28,1337500,1337500,PIT,PIT
David Moore,WR,Panthers,Panthers,Signed,0.5870000000000001,30,1422500,1422500,CAR,CAR
Trent Sieg,LS,Cowboys,Cowboys,Signed,0.295,30,1483333,1483333,DAL,DAL
Deonte Harty,WR,Ravens,,UFA,0.005,28,1292500,1292500,BAL,NA
Aaron Stinnie,LG,Giants,Giants,Signed,0.172,31,1337500,1337500,NYG,NYG
Michael Badgley,K,Lions,,UFA,0,30,1292500,1292500,DET,NA
Matthew Adams,LB,Giants,,UFA,0.001,30,1292500,1292500,NYG,NA
Olamide Zaccheaus,WR,Commanders,Bears,Signed,0.425,28,1500000,1500000,WAS,CHI
Nick Scott,S,Panthers,Panthers,Signed,0.284,30,1337500,1337500,CAR,CAR
Kyle Allen,QB,Steelers,Lions,Signed,0.002,29,1270000,1270000,PIT,DET
James Smith-Williams,EDGE,Falcons,,UFA,0.275,28,1292500,1292500,ATL,NA
Jaylinn Hawkins,S,Patriots,Patriots,Signed,0.547,28,1800000,1800000,NE,NE
Will Harris,S,Saints,Commanders,Signed,0.731,30,4000000,4000000,NO,WAS
Chuma Edoga,LT,Cowboys,Jaguars,Signed,0.195,28,3500000,3500000,DAL,JAX
Kindle Vildor,CB,Lions,Buccaneers,Signed,0.223,28,1337500,1337500,DET,TB
Trevis Gipson,EDGE,Seahawks,,UFA,0.042,28,1292500,1292500,SEA,NA
L.J. Collier,EDGE,Cardinals,Cardinals,Signed,0.5429999999999999,30,3000000,3000000,ARI,ARI
Jacob Martin,EDGE,Bears,Commanders,Signed,0.187,30,2585000,2585000,CHI,WAS
KhaDarel Hodge,WR,Falcons,Falcons,Signed,0.20199999999999999,30,2750000,2750000,ATL,ATL
Chris Board,LB,Ravens,Giants,Signed,0.14800000000000002,30,2850000,2850000,BAL,NYG
Tanner Hudson,TE,Bengals,Bengals,Signed,0.105,31,1255000,1255000,CIN,CIN
Matt Peart,RT,Broncos,Broncos,Signed,0.17300000000000001,28,3500000,3500000,DEN,DEN
Cam Brown,LB,Dolphins,,UFA,0,27,1292500,1292500,MIA,NA
Ross Dwelley,TE,Falcons,,UFA,0.092,30,1292500,1292500,ATL,NA
Brady Christensen,LG,Panthers,Panthers,Signed,0.384,29,2787500,2787500,CAR,CAR
Terrel Bernard,LB,Bills,Bills,Extension,0.6779999999999999,26,10500000,10500000,BUF,BUF
Milton Williams,IDL,Eagles,Patriots,Signed,0.479,26,26000000,26000000,PHI,NE
Benjamin St-Juste,CB,Commanders,Chargers,Signed,0.773,28,2500000,2500000,WAS,LAC
D'Ernest Johnson,RB,Jaguars,,UFA,0.18600000000000003,29,1275000,1275000,JAX,NA
Joe Bachie,LB,Bengals,,UFA,0.033,27,1275000,1275000,CIN,NA
Osa Odighizuwa,IDL,Cowboys,Cowboys,Signed,0.7809999999999999,27,20000000,20000000,DAL,DAL
Joey Slye,K,Patriots,Titans,Signed,0.27899999999999997,29,1295000,1295000,NE,TEN
Paulson Adebo,CB,Saints,Giants,Signed,0.37200000000000005,26,18000000,18000000,NO,NYG
Rick Lovato,LS,Eagles,,UFA,0.308,33,1260000,1260000,PHI,NA
MyCole Pruitt,TE,Steelers,,UFA,0.24,33,1260000,1260000,PIT,NA
Le'Raven Clark,RT,Eagles,,UFA,0,32,1260000,1260000,PHI,NA
Jamison Crowder,WR,Commanders,,UFA,0.10099999999999999,32,1260000,1260000,WAS,NA
Josh Palmer,WR,Chargers,Bills,Signed,0.5770000000000001,26,10000000,10000000,LAC,BUF
Rico Dowdle,RB,Cowboys,Panthers,Signed,0.5429999999999999,27,2750000,2750000,DAL,CAR
Justin Skule,LT,Buccaneers,Vikings,Signed,0.316,29,2000000,2000000,TB,MIN
Malcolm Koonce,EDGE,Raiders,Raiders,Signed,0,27,11040000,11040000,LV,LV
Divine Deablo,LB,Raiders,Falcons,Signed,0.618,27,7000000,7000000,LV,ATL
Hunter Long,TE,Rams,Jaguars,Signed,0.256,27,2500000,2500000,LAR,JAX
Dyami Brown,WR,Commanders,Jaguars,Signed,0.408,26,10000000,10000000,WAS,JAX
Tommy Tremble,TE,Panthers,Panthers,Signed,0.499,25,5250000,5250000,CAR,CAR
Chauncey Golston,EDGE,Cowboys,Giants,Signed,0.716,27,6000000,6000000,DAL,NYG
Danny Pinter,RG,Colts,Colts,Signed,0.127,29,1667500,1667500,IND,IND
Michael Jackson Sr.,CB,Panthers,Panthers,Signed,0.9890000000000001,28,5250000,5250000,CAR,CAR
Kendrick Green,RG,Texans,Bills,Signed,0.161,27,1200000,1200000,HOU,BUF
Patrick Jones II,EDGE,Vikings,Panthers,Signed,0.40399999999999997,27,7500000,7500000,MIN,CAR
Eric Saubert,TE,49ers,Seahawks,Signed,0.349,31,1422500,1422500,SF,SEA
Justin Hardee,WR,Titans,,UFA,0,31,1210000,1210000,TEN,NA
Teddy Bridgewater,QB,Lions,,UFA,0,33,1210000,1210000,DET,NA
Geoff Swaim,TE,Browns,,UFA,0.11800000000000001,32,1210000,1210000,CLE,NA
Nick Vigil,LB,Cowboys,,UFA,0.114,32,1210000,1210000,DAL,NA
Nick Vannett,TE,Titans,,UFA,0.365,32,1210000,1210000,TEN,NA
Noah Brown,WR,Commanders,Commanders,Signed,0.40399999999999997,29,3250000,3250000,WAS,WAS
Sheldon Day,IDL,Commanders,Commanders,Signed,0.251,31,1322500,1322500,WAS,WAS
Brandon McManus,K,Packers,Packers,Signed,0.253,34,5100000,5100000,GB,GB
Tony Jefferson,S,Chargers,Chargers,Signed,0.205,33,1380000,1380000,LAC,LAC
Conor McDermott,RG,Rams,,UFA,0,33,1210000,1210000,LAR,NA
Russell Wilson,QB,Steelers,Giants,Signed,0.637,37,10500000,10500000,PIT,NYG
Jalen Mills,CB,Jets,,UFA,0.39899999999999997,31,1210000,1210000,NYJ,NA
Tyler Matakevich,LB,Steelers,,UFA,0,33,1210000,1210000,PIT,NA
Elijah Wilkinson,LG,Falcons,Falcons,Signed,0.001,30,1422500,1422500,ATL,ATL
Jake McQuaide,LS,Dolphins,,UFA,0.134,38,1210000,1210000,MIA,NA
Kyle Peko,IDL,Lions,,UFA,0.078,32,1210000,1210000,DET,NA
Nick Bellore,LB,Commanders,Commanders,Signed,0.006,36,2100000,2100000,WAS,WAS
Cameron Sutton,CB,Steelers,,UFA,0.23399999999999999,30,1210000,1210000,PIT,NA
Kareem Hunt,RB,Chiefs,Chiefs,Signed,0.41600000000000004,30,1500000,1500000,KC,KC
Ahkello Witherspoon,CB,Rams,Rams,Signed,0.44299999999999995,30,1255000,1255000,LAR,LAR
Tashaun Gipson,S,49ers,,UFA,0.053,35,1210000,1210000,SF,NA
JuJu Smith-Schuster,WR,Chiefs,Chiefs,Signed,0.369,29,1422500,1422500,KC,KC
Zach Cunningham,LB,Broncos,,UFA,0.013000000000000001,31,1210000,1210000,DEN,NA
Allen Robinson,WR,Lions,,UFA,0.079,32,1210000,1210000,DET,NA
Chris Hubbard,RT,Giants,,UFA,0.228,34,1210000,1210000,NYG,NA
Eddie Goldman,IDL,Falcons,Commanders,Signed,0.297,31,1255000,1255000,ATL,WAS
Michael Palardy,P,Cardinals,,UFA,0.085,33,1210000,1210000,ARI,NA
Troy Hill,CB,Buccaneers,,UFA,0.19399999999999998,34,1210000,1210000,TB,NA
Mark Glowinski,RG,Colts,,UFA,0.327,33,1210000,1210000,IND,NA
Jordan Phillips,IDL,Bills,,UFA,0.13,33,1210000,1210000,BUF,NA
Artie Burns,CB,Seahawks,Dolphins,Signed,0.045,30,1355000,1355000,SEA,MIA
DeShawn Williams,IDL,Panthers,,UFA,0.27699999999999997,33,1210000,1210000,CAR,NA
Laken Tomlinson,LG,Seahawks,Texans,Signed,0.997,33,4250000,4250000,SEA,HOU
Vonn Bell,S,Bengals,,UFA,0.622,31,1210000,1210000,CIN,NA
Daryl Worley,CB,Titans,,UFA,0.434,30,1210000,1210000,TEN,NA
Germain Ifedi,RT,Browns,,UFA,0.456,31,1210000,1210000,CLE,NA
C.J. Uzomah,TE,Eagles,,UFA,0.114,32,1210000,1210000,PHI,NA
Michael Burton,FB,Broncos,Broncos,Signed,0.159,33,1422500,1422500,DEN,DEN
Shaquil Barrett,EDGE,Buccaneers,,UFA,0.011000000000000001,33,1210000,1210000,TB,NA
Eli Apple,CB,Chargers,,UFA,0.043,30,1210000,1210000,LAC,NA
Pat O'Donnell,P,49ers,,UFA,0.124,34,1210000,1210000,SF,NA
Fred Johnson,RG,Eagles,Jaguars,Signed,0.41600000000000004,28,1337500,1337500,PHI,JAX
DeAndre Carter,WR,Bears,Browns,Signed,0.121,32,1422500,1422500,CHI,CLE
Ben Cleveland,RG,Ravens,Ravens,Signed,0.044000000000000004,27,1170000,1170000,BAL,BAL
Elijah Molden,S,Chargers,Chargers,Signed,0.695,26,6250000,6250000,LAC,LAC
Rock Ya-Sin,CB,49ers,Lions,Signed,0.057999999999999996,29,1170000,1170000,SF,DET
Krys Barnes,LB,Cardinals,,UFA,0.18899999999999997,27,1192500,1192500,ARI,NA
Robert Hainsey,C,Buccaneers,Jaguars,Signed,0.083,27,7000000,7000000,TB,JAX
Matt Pryor,RG,Bears,Eagles,Signed,0.8859999999999999,31,1355000,1355000,CHI,PHI
Cam Akers,RB,Vikings,,UFA,0.254,26,1175000,1175000,MIN,NA
Larrell Murchison,EDGE,Rams,Rams,Signed,0,28,1170000,1170000,LAR,LAR
Ifeatu Melifonwu,CB,Lions,Dolphins,Signed,0.125,26,3000000,3000000,DET,MIA
Ernest Jones,LB,Seahawks,Seahawks,Signed,0.899,26,9500000,9500000,SEA,SEA
Brandon Stephens,CB,Ravens,Jets,Signed,0.924,28,12000000,12000000,BAL,NYJ
Baron Browning,EDGE,Cardinals,Cardinals,Signed,0.34,26,7500000,7500000,ARI,ARI
Jake Andrews,C,Patriots,Texans,Signed,0,26,1162086,1162086,NE,HOU
Jeff Driskel,QB,Commanders,,UFA,0.001,32,1150000,1150000,WAS,NA
Dan Skipper,LT,Lions,Lions,Signed,0.282,31,1422500,1422500,DET,DET
Reid Ferguson,LS,Bills,Bills,Signed,0.332,31,1625000,1625000,BUF,BUF
Cameron Young,IDL,Seahawks,,SFA,0.002,25,1141877,1141877,SEA,NA
Adam Prentice,FB,Saints,,UFA,0.25,28,1130000,1130000,NO,NA
Tyler Johnson,WR,Rams,Jets,Signed,0.331,27,1337500,1337500,LAR,NYJ
Tyus Bowser,EDGE,Dolphins,,UFA,0.259,30,1125000,1125000,MIA,NA
Myles Bryant,CB,Texans,,UFA,0.063,27,1125000,1125000,HOU,NA
Kevin King,CB,Falcons,Falcons,Signed,0.064,30,1337500,1337500,ATL,ATL
Hakeem Adeniji,LT,Browns,Cowboys,Signed,0,28,1170000,1170000,CLE,DAL
Justin Herron,RT,Saints,,UFA,0,30,1125000,1125000,NO,NA
James Proche,WR,Browns,Titans,Signed,0.013999999999999999,29,1170000,1170000,CLE,TEN
James Pierre,CB,Steelers,Steelers,Signed,0.18899999999999997,29,1295000,1295000,PIT,PIT
Elijah Riley,S,Giants,,UFA,0,27,1125000,1125000,NYG,NA
Kristian Welch,FB,Ravens,Packers,Signed,0.046,27,1170000,1170000,BAL,GB
Tyler Huntley,QB,Dolphins,,UFA,0.276,27,1125000,1125000,MIA,NA
Teair Tart,IDL,Chargers,Chargers,Signed,0.318,28,4500000,4500000,LAC,LAC
Khaleke Hudson,LB,Browns,,UFA,0.011000000000000001,28,1125000,1125000,CLE,NA
Parris Campbell,WR,Eagles,Cowboys,Signed,0.121,28,1337500,1337500,PHI,DAL
Raekwon McMillan,LB,Titans,,UFA,0.23800000000000002,29,1125000,1125000,TEN,NA
Matt Dickerson,IDL,Dolphins,Dolphins,Signed,0.013999999999999999,30,1170000,1170000,MIA,MIA
Nick Gates,C,Eagles,,SFA,0.083,30,1125000,1125000,PHI,NA
Ty Summers,LB,Giants,Giants,Signed,0.102,30,1270000,1270000,NYG,NYG
Tony Brown,WR,Browns,Browns,Signed,0,30,1337500,1337500,CLE,CLE
Ben Niemann,LB,Lions,,UFA,0.163,30,1125000,1125000,DET,NA
Jackson Barton,LT,Cardinals,,UFA,0.14300000000000002,30,1125000,1125000,ARI,NA
Brett Rypien,QB,Vikings,Vikings,Signed,0,29,1195000,1195000,MIN,MIN
Calvin Anderson,LT,Steelers,Steelers,Signed,0.01,29,2000000,2000000,PIT,PIT
Greg Joseph,K,Jets,,UFA,0.157,31,1125000,1125000,NYJ,NA
Sam Mustipher,C,Chargers,,UFA,0.098,29,1125000,1125000,LAC,NA
Bradley Bozeman,C,Chargers,Chargers,Signed,0.991,31,3250000,3250000,LAC,LAC
Mike Ford,CB,Browns,Falcons,Signed,0.054000000000000006,30,4000000,4000000,CLE,ATL
Darius Harris,LB,Cowboys,Cowboys,Signed,0,29,1170000,1170000,DAL,DAL
Greg Dortch,WR,Cardinals,Cardinals,Signed,0.39399999999999996,27,3263000,3263000,ARI,ARI
Lil'Jordan Humphrey,WR,Broncos,Giants,Signed,0.495,27,1245000,1245000,DEN,NYG
Marquez Valdes-Scantling,WR,Saints,Seahawks,Signed,0.44,31,4000000,4000000,NO,SEA
Jalyn Holmes,IDL,Commanders,Commanders,Signed,0.24,29,1337500,1337500,WAS,WAS
Tarvarius Moore,S,Bears,Bears,Signed,0,29,1170000,1170000,CHI,CHI
Ronnie Harrison,S,Colts,,UFA,0.003,28,1125000,1125000,IND,NA
Luke Gifford,LB,Titans,49ers,Signed,0.192,30,1800000,1800000,TEN,SF
Troy Reeder,LB,Rams,Rams,Signed,0.33399999999999996,31,1170000,1170000,LAR,LAR
Bryce Hall,CB,Buccaneers,Buccaneers,Signed,0.015,28,1170000,1170000,TB,TB
Ryan Neal,S,Buccaneers,,UFA,0.015,30,1125000,1125000,TB,NA
Tim Boyle,QB,Giants,Titans,Signed,0.075,31,1255000,1255000,NYG,TEN
Oren Burks,LB,Eagles,Bengals,Signed,0.14,30,2500000,2500000,PHI,CIN
Andre Dillard,LT,Packers,,UFA,0.012,30,1125000,1125000,GB,NA
Max Scharping,RG,Steelers,Steelers,Signed,0.006,29,1337500,1337500,PIT,PIT
David Long,CB,Colts,Colts,Signed,0.008,29,1170000,1170000,IND,IND
Lonnie Johnson Jr.,S,Panthers,Raiders,Signed,0.028999999999999998,30,1685000,1685000,CAR,LV
Irv Smith Jr.,TE,Texans,Texans,Signed,0.077,27,1230000,1230000,HOU,HOU
Oshane Ximines,EDGE,Patriots,,UFA,0.013000000000000001,29,1125000,1125000,NE,NA
Mike Edwards,S,Buccaneers,Chiefs,Signed,0.171,29,1337500,1337500,TB,KC
Will Grier,QB,Cowboys,Cowboys,Signed,0,30,1170000,1170000,DAL,DAL
Kendall Sheffield,CB,Jets,,UFA,0.08,29,1125000,1125000,NYJ,NA
Ugochukwu Amadi,CB,Saints,Saints,Signed,0.447,28,1280000,1280000,NO,NO
Daniel Jones,QB,Vikings,Colts,Signed,0.602,28,14000000,14000000,MIN,IND
Armon Watts,IDL,Giants,,UFA,0.079,29,1125000,1125000,NYG,NA
Devin White,LB,Texans,Raiders,Signed,0.161,27,1170000,1170000,HOU,LV
Sam Eguavoen,LB,Jets,,UFA,0.065,32,1125000,1125000,NYJ,NA
Amani Oruwariye,CB,Cowboys,,UFA,0.259,29,1125000,1125000,DAL,NA
Byron Cowart,IDL,Bears,Jets,Signed,0.314,29,1337500,1337500,CHI,NYJ
Josh Woods,LB,Falcons,Falcons,Signed,0,29,1170000,1170000,ATL,ATL
Austin Seibert,K,Commanders,,UFA,0.244,29,1125000,1125000,WAS,NA
Zeke Turner,LB,Lions,Lions,Signed,0.10099999999999999,29,1255000,1255000,DET,DET
Demone Harris,IDL,Falcons,,UFA,0.19399999999999998,30,1125000,1125000,ATL,NA
Trayveon Williams,RB,Bengals,,UFA,0.009000000000000001,28,1125000,1125000,CIN,NA
Mike Boone,RB,Panthers,,UFA,0.040999999999999995,30,1125000,1125000,CAR,NA
Craig Reynolds,RB,Lions,Lions,Signed,0.084,29,1320000,1320000,DET,DET
Carl Lawson,EDGE,Cowboys,,UFA,0.363,30,1125000,1125000,DAL,NA
Gunner Olszewski,WR,Giants,,UFA,0,29,1125000,1125000,NYG,NA
Jeremy McNichols,RB,Commanders,Commanders,Signed,0.21600000000000003,30,1337500,1337500,WAS,WAS
Zane Gonzalez,K,Commanders,,UFA,0.126,30,1125000,1125000,WAS,NA
Shaquille Quarterman,LB,Chargers,,UFA,0,28,1125000,1125000,LAC,NA
Corey Levin,C,Titans,Titans,Signed,0.122,31,1255000,1255000,TEN,TEN
Neville Gallimore,IDL,Rams,Colts,Signed,0.237,28,1337500,1337500,LAR,IND
Geron Christian,LT,Browns,,UFA,0,29,1125000,1125000,CLE,NA
Al-Quadin Muhammad,EDGE,Lions,Lions,Signed,0.233,30,1422500,1422500,DET,DET
D'Onta Foreman,RB,Browns,,UFA,0.165,29,1125000,1125000,CLE,NA
Julian Okwara,EDGE,Cardinals,Browns,Signed,0.263,28,1337500,1337500,ARI,CLE
Charlie Heck,RT,49ers,Buccaneers,Signed,0.10800000000000001,29,1570000,1570000,SF,TB
Josiah Deguara,TE,Jaguars,,UFA,0.084,28,1125000,1125000,JAX,NA
Carlos Watkins,IDL,Cowboys,,UFA,0.207,32,1125000,1125000,DAL,NA
Mykal Walker,LB,Commanders,Cardinals,Signed,0.071,28,1790000,1790000,WAS,ARI
Ben Bartch,LT,49ers,49ers,Signed,0.06,27,1337500,1337500,SF,SF
Joshua Kelley,RB,Titans,,UFA,0.004,28,1125000,1125000,TEN,NA
Mecole Hardman,WR,Chiefs,Packers,Signed,0.1,27,1500000,1500000,KC,GB
Darnay Holmes,CB,Raiders,Raiders,Signed,0.267,27,1195000,1195000,LV,LV
C.J. Henderson,CB,Steelers,,UFA,0,27,1125000,1125000,PIT,NA
Pat O'Connor,EDGE,Lions,Lions,Signed,0.215,32,1422500,1422500,DET,DET
Hayden Hurst,TE,Chargers,,UFA,0.163,32,1125000,1125000,LAC,NA
K'Lavon Chaisson,EDGE,Raiders,Patriots,Signed,0.456,26,3000000,3000000,LV,NE
Jalen Reagor,WR,Chargers,Chargers,Signed,0.129,26,1337500,1337500,LAC,LAC
Dante Pettis,WR,Saints,Saints,Signed,0.136,30,1337500,1337500,NO,NO
Tim Patrick,WR,Lions,Lions,Signed,0.5589999999999999,32,2500000,2500000,DET,DET
Brandon Parker,RT,Falcons,Falcons,Signed,0,30,1170000,1170000,ATL,ATL
Adrian Colbert,S,Bears,,UFA,0,32,1125000,1125000,CHI,NA
Jack Driscoll,RT,Eagles,,UFA,0.095,28,1125000,1125000,PHI,NA
Jack Jones,CB,Raiders,,SFA,0.9129999999999999,28,1101746,1101746,LV,NA
Trayvon Mullen,CB,Ravens,,UFA,0,28,1080000,1080000,BAL,NA
Jay Tufele,IDL,Bengals,Jets,Signed,0.214,26,1170000,1170000,CIN,NYJ
Tyler Davis,TE,Packers,,UFA,0,28,1075000,1075000,GB,NA
James Hudson,RT,Browns,Giants,Signed,0.188,26,6000000,6000000,CLE,NYG
Lester Cotton,LG,Patriots,,RFA,0.07,29,1067500,1067500,NE,NA
Juwann Winfree,WR,Colts,,UFA,0,29,1067500,1067500,IND,NA
Cameron Sample,EDGE,Bengals,Bengals,Signed,0,26,1267500,1267500,CIN,CIN
Derrick Barnes,LB,Lions,Lions,Signed,0.109,26,8000000,8000000,DET,DET
Drew Dalman,C,Falcons,Bears,Signed,0.485,27,14000000,14000000,ATL,CHI
Bobby Brown III,IDL,Rams,Panthers,Signed,0.423,25,7000000,7000000,LAR,CAR
Chris Rumph II,EDGE,Chargers,Saints,Signed,0,27,0,0,LAC,NO
Bennett Skowronek,WR,Steelers,Steelers,Signed,0.08900000000000001,28,2237500,2237500,PIT,PIT
Nick McCloud,CB,49ers,Bears,Signed,0.207,27,1320000,1320000,SF,CHI
Robert Rochell,CB,Packers,Chiefs,Signed,0.001,27,1170000,1170000,GB,KC
Naquan Jones,IDL,Cardinals,Chargers,Signed,0.24,27,1835000,1835000,ARI,LAC
Cole Van Lanen,LT,Jaguars,Jaguars,Signed,0.244,27,3406000,3406000,JAX,JAX
Trey Sermon,RB,Colts,,UFA,0.225,26,1055000,1055000,IND,NA
Marlon Tuipulotu,IDL,Chiefs,Chiefs,Signed,0.055999999999999994,26,1337500,1337500,KC,KC
Simi Fehoko,WR,Chargers,Cardinals,Signed,0.22899999999999998,28,1750000,1750000,LAC,ARI
Shemar Jean-Charles,CB,Saints,Seahawks,Signed,0.127,27,1295000,1295000,NO,SEA
Ihmir Smith-Marsette,WR,Giants,Giants,Signed,0.006,26,1337500,1337500,NYG,NYG
Curtis Robinson,LB,49ers,49ers,Signed,0.032,27,1170000,1170000,SF,SF
Kene Nwangwu,RB,Jets,Jets,Signed,0.001,27,1440000,1440000,NYJ,NYJ
Jake Curhan,RT,Bears,Cardinals,Signed,0.23,27,1195000,1195000,CHI,ARI
Riley Patterson,K,Falcons,,UFA,0.065,27,1055000,1055000,ATL,NA
Jack Stoll,TE,Dolphins,Saints,Signed,0.17600000000000002,27,1337500,1337500,MIA,NO
Malik Taylor,WR,Jets,,UFA,0,30,1055000,1055000,NYJ,NA
Bruce Hector,IDL,Jets,,ERFA,0.10300000000000001,31,1055000,1055000,NYJ,NA
Dan Chisena,WR,Panthers,Panthers,Signed,0.018000000000000002,28,1170000,1170000,CAR,CAR
Collin Johnson,WR,Bears,,UFA,0.013999999999999999,28,1055000,1055000,CHI,NA
Shane Lemieux,LG,Saints,,UFA,0.311,28,1055000,1055000,NO,NA
Jake Hanson,C,Jets,,UFA,0.096,28,1055000,1055000,NYJ,NA
James Lynch,IDL,Titans,,UFA,0.20800000000000002,26,1055000,1055000,TEN,NA
Scott Daly,LS,Bears,Bears,Signed,0.297,31,1337500,1337500,CHI,CHI
Andre Chachere,CB,Cardinals,,RFA,0.003,29,1055000,1055000,ARI,NA
Darrynton Evans,RB,Bears,Bills,Signed,0.004,27,1210000,1210000,CHI,BUF
Marlon Davidson,IDL,Titans,,UFA,0,27,1055000,1055000,TEN,NA
Nsimba Webster,WR,Bears,,UFA,0,29,1055000,1055000,CHI,NA
Anthony Pittman,LB,Lions,Lions,Signed,0.013999999999999999,29,1170000,1170000,DET,DET
Netane Muti,RG,Lions,Lions,Signed,0,26,1100000,1100000,DET,DET
John Kelly,RB,Browns,,RFA,0,29,1055000,1055000,CLE,NA
Patrick Taylor,RB,49ers,49ers,Signed,0.159,27,1170000,1170000,SF,SF
Harrison Hand,CB,Falcons,,RFA,0,27,1055000,1055000,ATL,NA
Jackson Carman,LT,Dolphins,Dolphins,Signed,0.06,25,1170000,1170000,MIA,MIA
Ka'dar Hollman,CB,Texans,,UFA,0.106,31,1055000,1055000,HOU,NA
Jonah Williams,IDL,Lions,Saints,Signed,0.08900000000000001,30,1220000,1220000,DET,NO
D'Wayne Eskridge,WR,Dolphins,Dolphins,Signed,0.033,28,1270000,1270000,MIA,MIA
Quinn Bailey,RT,Broncos,,UFA,0,30,1055000,1055000,DEN,NA
Greg Stroman,CB,Giants,,UFA,0.11800000000000001,29,1055000,1055000,NYG,NA
Jamin Davis,LB,Jets,Jets,Signed,0.09699999999999999,27,1337500,1337500,NYJ,NYJ
Cam Gill,LB,Panthers,,UFA,0.18100000000000002,28,1055000,1055000,CAR,NA
Terrace Marshall Jr.,WR,Raiders,Eagles,Signed,0.125,25,1195000,1195000,LV,PHI
Joe Milton III,QB,Patriots,Cowboys,Trade,0.055999999999999994,25,1050829,1050829,NE,DAL
Ryan Watts,CB,Steelers,,SFA,0,24,1050671,1050671,PIT,NA
John Bates,TE,Commanders,Commanders,Signed,0.444,28,7000000,7000000,WAS,WAS
Cam Bynum,S,Vikings,Colts,Signed,0.9079999999999999,27,15000000,15000000,MIN,IND
Kylen Granson,TE,Colts,Eagles,Signed,0.396,27,1750000,1750000,IND,PHI
Dorian Thompson-Robinson,QB,Browns,Eagles,Trade,0.17600000000000002,26,1045567,1045567,CLE,PHI
Dan Moore Jr.,LT,Steelers,Titans,Signed,0.986,27,20500000,20500000,PIT,TEN
Arlington Hambright,LG,Titans,,SFA,0,29,1042500,1042500,TEN,NA
Tylan Wallace,WR,Ravens,Ravens,Signed,0.248,26,2100000,2100000,BAL,BAL
Jordan McFadden,LG,Chargers,Bears,Signed,0.001,26,1038035,1038035,LAC,CHI
Tre Brown,CB,Seahawks,49ers,Signed,0.256,28,1700000,1700000,SEA,SF
Shane Buechele,QB,Bills,Bills,Signed,0,27,1030000,1030000,BUF,BUF
Isaiah Rodgers,CB,Eagles,Vikings,Signed,0.313,27,5522500,5522500,PHI,MIN
Tre Tomlinson,CB,Rams,49ers,Signed,0,25,1009963,1009963,LAR,SF
Ian Book,QB,Eagles,,SFA,0,27,1007500,1007500,PHI,NA
Zayne Anderson,S,Packers,Packers,Signed,0.113,28,1170000,1170000,GB,GB
Khalil Shakir,WR,Bills,Bills,Extension,0.539,25,13250000,13250000,BUF,BUF
Roy Lopez,IDL,Cardinals,Lions,Signed,0.43,28,3500000,3500000,ARI,DET
Garret Wallow,LB,Titans,,UFA,0,26,997500,997500,TEN,NA
D'Ante Smith,RT,Bengals,,UFA,0,27,994836,994836,CIN,NA
Antoine Green,WR,Lions,,SFA,0,26,989190,989190,DET,NA
Ar'Darius Washington,S,Ravens,Ravens,Signed,0.642,26,3263000,3263000,BAL,BAL
Quinton Bell,EDGE,Dolphins,Dolphins,Signed,0.242,29,1505000,1505000,MIA,MIA
Quintin Morris,TE,Bills,,RFA,0.19699999999999998,26,985000,985000,BUF,NA
Foster Sarell,LT,Chargers,Commanders,Signed,0.037000000000000005,27,1100000,1100000,LAC,WAS
Peyton Hendershot,TE,Chiefs,,RFA,0.059000000000000004,26,985000,985000,KC,NA
Tim Jones,WR,Jaguars,Vikings,Signed,0.16399999999999998,27,1870000,1870000,JAX,MIN
John FitzPatrick,TE,Packers,Packers,Signed,0.067,25,1500000,1500000,GB,GB
Michael Dwumfour,IDL,Browns,,ERFA,0.005,27,985000,985000,CLE,NA
Stephen Carlson,TE,Bears,Bears,Signed,0,29,1030000,1030000,CHI,CHI
Darrell Baker Jr.,CB,Titans,Titans,Signed,0.594,27,1100000,1100000,TEN,TEN
Malik Herring,EDGE,Chiefs,Chiefs,Signed,0.172,28,1700000,1700000,KC,KC
Ronnie Rivers,RB,Rams,Rams,Signed,0.07400000000000001,26,1100000,1100000,LAR,LAR
Shane Zylstra,TE,Lions,Lions,Signed,0.095,29,1100000,1100000,DET,DET
Jody Fortson,WR,Chiefs,,UFA,0.035,30,985000,985000,KC,NA
Josh Blackwell,CB,Bears,Bears,Signed,0.096,26,2500000,2500000,CHI,CHI
Kayode Awosika,RT,Lions,Lions,Signed,0.128,27,1400000,1400000,DET,DET
Nate Landman,LB,Falcons,Rams,Signed,0.489,27,1100000,1100000,ATL,LAR
Christian Matthew,CB,Ravens,,RFA,0,29,985000,985000,BAL,NA
Joe Giles-Harris,LB,Jaguars,Bengals,Signed,0.015,28,1100000,1100000,JAX,CIN
Jesse Luketa,EDGE,Cardinals,,RFA,0.17300000000000001,26,985000,985000,ARI,NA
Feleipe Franks,TE,Panthers,Falcons,Signed,0.043,28,1440000,1440000,CAR,ATL
Ryan Neuzil,C,Falcons,Falcons,Signed,0.505,28,3263000,3263000,ATL,ATL
Chandler Wooten,LB,Panthers,,RFA,0.174,26,985000,985000,CAR,NA
Josh Jobe,CB,Seahawks,Seahawks,Signed,0.391,27,2000000,2000000,SEA,SEA
Christian Elliss,LB,Patriots,Patriots,Signed,0.45899999999999996,26,6754000,6754000,NE,NE
Teagan Quitoriano,TE,Texans,Falcons,Signed,0.092,25,1100000,1100000,HOU,ATL
Velus Jones Jr.,WR,Panthers,Saints,Signed,0.006999999999999999,28,1150000,1150000,CAR,NO
Cameron McGrone,LB,Colts,Colts,Signed,0.001,25,1100000,1100000,IND,IND
Anthony Schwartz,WR,Dolphins,,RFA,0,25,985000,985000,MIA,NA
Caleb Farley,CB,Panthers,,UFA,0.139,27,985000,985000,CAR,NA
Liam McCullough,LS,Falcons,Falcons,Signed,0.29100000000000004,28,1445000,1445000,ATL,ATL
Zachary Thomas,RG,Texans,Texans,Signed,0.092,27,1400000,1400000,HOU,HOU
Eric Banks,IDL,Buccaneers,Buccaneers,Signed,0,27,1030000,1030000,TB,TB
Myles Adams,EDGE,Lions,Lions,Signed,0.07400000000000001,27,1100000,1100000,DET,DET
Chris Williams,IDL,Bears,Bears,Signed,0.344,27,3263000,3263000,CHI,CHI
Jaelon Darden,WR,Seahawks,,RFA,0.019,26,985000,985000,SEA,NA
Jack Gibbens,LB,Titans,Patriots,Signed,0.222,27,1300000,1300000,TEN,NE
Keith Taylor,CB,Chiefs,Falcons,Signed,0.073,27,1100000,1100000,KC,ATL
Bailey Zappe,QB,Browns,Chiefs,Signed,0.045,26,1100000,1100000,CLE,KC
Cade York,K,Bengals,,RFA,0.125,24,985000,985000,CIN,NA
Jack Cochrane,LB,Chiefs,Chiefs,Signed,0.008,26,2100000,2100000,KC,KC
Cade Mays,LG,Panthers,Panthers,Signed,0.47600000000000003,26,3406000,3406000,CAR,CAR
Zachary Carter,IDL,Raiders,Raiders,Signed,0.233,26,1100000,1100000,LV,LV
Theo Jackson,S,Vikings,Vikings,Signed,0.069,27,3105000,3105000,MIN,MIN
Desmond Ridder,QB,Raiders,,RFA,0.11800000000000001,26,985000,985000,LV,NA
Isaiah Pola-Mao,S,Raiders,Raiders,Signed,0.856,26,3725000,3725000,LV,LV
Deven Thompkins,WR,Panthers,,RFA,0.049,26,985000,985000,CAR,NA
Trevor Denbow,S,Colts,,RFA,0,27,985000,985000,IND,NA
Cal Adomitis,LS,Bengals,Bengals,Signed,0.28,27,1100000,1100000,CIN,CIN
Raheem Blackshear,RB,Panthers,Panthers,Signed,0.059000000000000004,27,1100000,1100000,CAR,CAR
Sam Webb,CB,Raiders,Raiders,Signed,0.012,27,1100000,1100000,LV,LV
Julius Chestnut,RB,Titans,Titans,Signed,0.077,25,1100000,1100000,TEN,TEN
Kyle Hinton,RG,Falcons,Falcons,Signed,0.07200000000000001,27,2875000,2875000,ATL,ATL
Jaren Hall,QB,Seahawks,,SFA,0,27,972500,972500,SEA,NA
Lecitus Smith,RG,Patriots,Steelers,Signed,0.005,27,972500,972500,NE,PIT
Leroy Watson,RT,Titans,Vikings,Signed,0.174,27,1030000,1030000,TEN,MIN
Christian Benford,CB,Bills,Bills,Extension,0.845,25,17250000,17250000,BUF,BUF
Curtis Jacobs,LB,Patriots,Titans,Signed,0.021,23,960000,960000,NE,TEN
Luke Farrell,TE,Jaguars,49ers,Signed,0.37799999999999995,28,5250000,5250000,JAX,SF
Jamien Sherwood,LB,Jets,Jets,Signed,0.9279999999999999,25,15000000,15000000,NYJ,NYJ
Ta'Quon Graham,IDL,Falcons,Falcons,Signed,0.17300000000000001,27,2787500,2787500,ATL,ATL
Kenneth Gainwell,RB,Eagles,Steelers,Signed,0.26,26,1790000,1790000,PHI,PIT
Larry Borom,RT,Bears,Dolphins,Signed,0.29,26,2500000,2500000,CHI,MIA
Jaylon Moore,LT,49ers,Chiefs,Signed,0.251,27,15000000,15000000,SF,KC
Isaiahh Loudermilk,EDGE,Steelers,Steelers,Signed,0.203,28,1627500,1627500,PIT,PIT
Brenden Jaimes,C,Chargers,Titans,Signed,0.009000000000000001,26,1170000,1170000,LAC,TEN
Darrick Forrest,S,Commanders,Bills,Signed,0.068,26,1337500,1337500,WAS,BUF
Jeremy Flax,RG,Vikings,,SFA,0,26,946667,946667,MIN,NA
Nate Hobbs,CB,Raiders,Packers,Signed,0.499,26,12000000,12000000,LV,GB
Camron Peterson,EDGE,Saints,,SFA,0,26,943333,943333,NO,NA
Tomari Fox,IDL,Raiders,,SFA,0,24,943333,943333,LV,NA
Tedarrell Slaton,IDL,Packers,Bengals,Signed,0.392,28,7050000,7050000,GB,CIN
Rodney Thomas,CB,Colts,Colts,Signed,0.085,27,1100000,1100000,IND,IND
Jason Pinnock,S,Giants,49ers,Signed,0.893,26,2200000,2200000,NYG,SF
K.J. Britt,LB,Buccaneers,Dolphins,Signed,0.5489999999999999,26,1337500,1337500,TB,MIA
Avery Williams,RB,Falcons,Eagles,Signed,0.009000000000000001,27,1225000,1225000,ATL,PHI
Talanoa Hufanga,S,49ers,Broncos,Signed,0.289,25,13000000,13000000,SF,DEN
Xavier Newman-Johnson,RG,Jets,Jets,Signed,0.01,26,1100000,1100000,NYJ,NYJ
Timmy Horne,IDL,Giants,,RFA,0,28,927500,927500,NYG,NA
J.J. Russell,LB,Buccaneers,,RFA,0.223,27,927500,927500,TB,NA
Britain Covey,WR,Eagles,,RFA,0.043,28,927500,927500,PHI,NA
Joey Blount,S,Cardinals,Cardinals,Signed,0.018000000000000002,27,1875000,1875000,ARI,ARI
Brock Hoffman,RG,Cowboys,Cowboys,Signed,0.442,26,1100000,1100000,DAL,DAL
Nephi Sewell,LB,Saints,Saints,Signed,0.062,27,1100000,1100000,NO,NO
Chazz Surratt,LB,Jets,,RFA,0.11900000000000001,28,927500,927500,NYJ,NA
Janarius Robinson,EDGE,Raiders,Chiefs,Signed,0.098,27,1100000,1100000,LV,KC
D.J. Turner,WR,Raiders,,RFA,0.319,28,927500,927500,LV,NA
Kion Smith,RT,Dolphins,Dolphins,Signed,0,27,1030000,1030000,MIA,MIA
Micah Abernathy,S,Falcons,,ERFA,0,28,927500,927500,ATL,NA
Nick Niemann,LB,Chargers,Texans,Signed,0.04,28,3000000,3000000,LAC,HOU
Elijah Mitchell,RB,49ers,Chiefs,Signed,0,27,2500000,2500000,SF,KC
Segun Olubi,LB,Colts,Colts,Signed,0.018000000000000002,26,1030000,1030000,IND,IND
Dalton Keene,TE,Texans,,RFA,0,26,915000,915000,HOU,NA
Ryan McCollum,C,Steelers,Steelers,Signed,0.136,27,1030000,1030000,PIT,PIT
Emanuel Wilson,RB,Packers,Packers,Signed,0.243,26,1030000,1030000,GB,GB
Sam Okuayinonu,EDGE,49ers,49ers,Signed,0.42200000000000004,27,1030000,1030000,SF,SF
Josh Ross,LB,Seahawks,Seahawks,Signed,0,26,1030000,1030000,SEA,SEA
Ben Brown,C,Patriots,Patriots,Signed,0.61,27,1030000,1030000,NE,NE
De'Shaan Dixon,EDGE,Jaguars,,ERFA,0,27,915000,915000,JAX,NA
Tomon Fox,EDGE,Giants,Giants,Signed,0.19,27,1030000,1030000,NYG,NYG
Kanai Mauga,LB,Raiders,,ERFA,0,25,915000,915000,LV,NA
Brady Russell,TE,Seahawks,Seahawks,Signed,0.03,27,1030000,1030000,SEA,SEA
Daniel Whelan,K,Packers,Packers,Signed,0.33299999999999996,26,1030000,1030000,GB,GB
Kaevon Merriweather,S,Buccaneers,Buccaneers,Signed,0.23199999999999998,26,1030000,1030000,TB,TB
Mike Caliendo,LG,Chiefs,Chiefs,Signed,0.20600000000000002,28,1030000,1030000,KC,KC
Matthew Butler,IDL,Raiders,Raiders,Signed,0.091,26,1030000,1030000,LV,LV
Blake Whiteheart,TE,Browns,Browns,Signed,0.175,25,1030000,1030000,CLE,CLE
Tucker Fisk,TE,Chargers,Chargers,Signed,0.193,26,1030000,1030000,LAC,LAC
Divaad Wilson,CB,Giants,,ERFA,0.024,25,915000,915000,NYG,NA
Jalen Graham,LB,49ers,49ers,Signed,0.034,24,1030000,1030000,SF,SF
Alex Austin,CB,Patriots,Patriots,Signed,0.209,24,1030000,1030000,NE,NE
Brayden Willis,TE,49ers,49ers,Signed,0.023,26,1030000,1030000,SF,SF
Chris Rodriguez Jr.,RB,Commanders,Commanders,Signed,0.066,26,1030000,1030000,WAS,WAS
Arron Mosby,EDGE,Packers,Packers,Signed,0.138,26,1030000,1030000,GB,GB
Ameer Speed,CB,Bears,Bears,Signed,0.003,25,1030000,1030000,CHI,CHI
Daniel Hardy,EDGE,Bears,Bears,Signed,0.028999999999999998,27,1030000,1030000,CHI,CHI
Cody White,WR,Seahawks,Seahawks,Signed,0.055999999999999994,27,1030000,1030000,SEA,SEA
James Houston,EDGE,Browns,,RFA,0.129,27,915000,915000,CLE,NA
Bill Murray,LG,Bears,Bears,Signed,0,28,1030000,1030000,CHI,CHI
Carter O'Donnell,LT,Cardinals,,RFA,0,27,915000,915000,ARI,NA
Jonathan Ford,IDL,Bears,Bears,Signed,0.07200000000000001,27,1030000,1030000,CHI,CHI
Jeremiah Moon,EDGE,Steelers,Steelers,Signed,0.102,27,1030000,1030000,PIT,PIT
Doug Kramer,C,Bears,Bears,Signed,0.07400000000000001,27,1030000,1030000,CHI,CHI
Nazeeh Johnson,S,Chiefs,Chiefs,Signed,0.457,27,1900000,1900000,KC,KC
Jordan Meredith,LG,Raiders,Raiders,Signed,0.511,27,1030000,1030000,LV,LV
LaBryan Ray,IDL,Panthers,Panthers,Signed,0.515,28,1030000,1030000,CAR,CAR
Raequan Williams,IDL,Panthers,,ERFA,0,28,915000,915000,CAR,NA
Alex Barrett,EDGE,49ers,49ers,Signed,0.022000000000000002,31,1030000,1030000,SF,SF
Jake Tonges,TE,49ers,49ers,Signed,0.032,26,1030000,1030000,SF,SF
Esezi Otomewo,EDGE,Jaguars,Steelers,Signed,0.075,26,1030000,1030000,JAX,PIT
Jonathan Sutherland,S,Giants,,ERFA,0,27,915000,915000,NYG,NA
Brandin Echols,CB,Jets,Steelers,Signed,0.355,28,3000000,3000000,NYJ,PIT
Chris Evans,RB,Bengals,,UFA,0,28,913222,913222,CIN,NA
Landon Young,RT,Saints,Saints,Signed,0.361,28,2327500,2327500,NO,NO
Stone Forsythe,LT,Seahawks,Giants,Signed,0.376,28,1337500,1337500,SEA,NYG
Victor Dimukeje,EDGE,Cardinals,Giants,Signed,0.145,26,1337500,1337500,ARI,NYG
Damar Hamlin,S,Bills,Bills,Signed,0.792,27,2000000,2000000,BUF,BUF
Trey Smith,RG,Chiefs,Chiefs,Franchise,0.973,26,23402000,23402000,KC,KC
Khalil Herbert,RB,Bengals,Colts,Signed,0.12300000000000001,27,1337500,1337500,CIN,IND
Israel Mukuamu,S,Cowboys,Cowboys,Signed,0.18100000000000002,26,1750000,1750000,DAL,DAL
Isaiah McDuffie,LB,Packers,Packers,Signed,0.642,26,4000000,4000000,GB,GB
Sam Ehlinger,QB,Colts,Broncos,Signed,0,27,1337500,1337500,IND,DEN
NaJee Thompson,CB,Vikings,,SFA,0,25,898333,898333,MIN,NA
Patrick Johnson,EDGE,Giants,Eagles,Signed,0.042,27,1275000,1275000,NYG,PHI
Will Fries,RG,Colts,Vikings,Signed,0.247,27,17544000,17544000,IND,MIN
Grant Stuard,LB,Colts,Lions,Signed,0.198,28,1700000,1700000,IND,DET
Khalid Duke,EDGE,Titans,,SFA,0.011000000000000001,24,880000,880000,TEN,NA
Ramel Keyton,WR,Raiders,,SFA,0.039,25,877500,877500,LV,NA
Logan Bruss,LT,Titans,,SFA,0.179,26,877500,877500,TEN,NA
Brandon Hill,S,Texans,,SFA,0,25,877500,877500,HOU,NA
Jack Browning,P,Buccaneers,,SFA,0.14400000000000002,24,877500,877500,TB,NA
Titus Leo,EDGE,Patriots,Titans,Signed,0.008,26,1755000,1755000,NE,TEN
Kader Kohou,CB,Dolphins,Dolphins,Signed,0.665,27,3263000,3263000,MIA,MIA
Kurt Hinish,IDL,Texans,Texans,Signed,0.21100000000000002,26,1800000,1800000,HOU,HOU
Markquese Bell,S,Cowboys,Cowboys,Signed,0.031,26,3000000,3000000,DAL,DAL
Jaylen Warren,RB,Steelers,Steelers,Signed,0.396,27,5346000,5346000,PIT,PIT
Dee Alford,CB,Falcons,Falcons,Signed,0.65,28,1500000,1500000,ATL,ATL
Tony Adams,S,Jets,Jets,Signed,0.625,26,3263000,3263000,NYJ,NYJ
Luke Masterson,LB,Raiders,,RFA,0.091,27,856667,856667,LV,NA
Ryan Stonehouse,P,Titans,Dolphins,Signed,0.262,26,1725000,1725000,TEN,MIA
Wesley French,LG,Colts,Colts,Signed,0,29,1050000,1050000,IND,IND
Jack Sanborn,LB,Bears,Cowboys,Signed,0.22,25,1500000,1500000,CHI,DAL
D'Anthony Bell,S,Browns,Seahawks,Signed,0.086,29,1370000,1370000,CLE,SEA
Jake Hansen,LB,Texans,Texans,Signed,0.122,27,1700000,1700000,HOU,HOU
Stone Smartt,TE,Chargers,Jets,Signed,0.17,28,1350000,1350000,LAC,NYJ
Ryan Wright,P,Vikings,Vikings,Signed,0.32899999999999996,25,1750000,1750000,MIN,MIN
Jake Hummel,LB,Rams,Ravens,Signed,0.066,26,1200000,1200000,LAR,BAL
Jaylon Jones,CB,Bears,Cardinals,Signed,0.071,28,1200000,1200000,CHI,ARI
Jordan Mason,RB,49ers,Vikings,Signed,0.35,26,5250000,5250000,SF,MIN
Mitchell Fraboni,LS,Broncos,Broncos,Signed,0.28800000000000003,29,4175000,4175000,DEN,DEN
Mike Brown,S,Titans,Titans,Signed,0.365,26,1100000,1100000,TEN,TEN
Kavontae Turpin,WR,Cowboys,Cowboys,Signed,0.26899999999999996,29,4500000,4500000,DAL,DAL
Ryan Van Demark,RT,Bills,Bills,Signed,0.183,27,1030000,1030000,BUF,BUF
Alec Anderson,RT,Bills,Bills,Signed,0.267,26,1030000,1030000,BUF,BUF
Tyrus Wheat,EDGE,Cowboys,Cowboys,Signed,0.149,26,1030000,1030000,DAL,DAL
Travis Vokolek,TE,Cardinals,Cardinals,Signed,0.011000000000000001,27,1030000,1030000,ARI,ARI
Ben VanSumeren,LB,Eagles,Eagles,Signed,0,25,1055000,1055000,PHI,PHI
TK McLendon,IDL,Titans,,ERFA,0,26,832500,832500,TEN,NA
Trevor Nowaske,LB,Lions,Lions,Signed,0.303,27,1030000,1030000,DET,DET
Otis Reese,LB,Titans,Titans,Signed,0.084,27,1030000,1030000,TEN,TEN
Tommy DeVito,QB,Giants,Giants,Signed,0.081,27,1030000,1030000,NYG,NYG
Bo Melton,WR,Packers,Packers,Signed,0.23199999999999998,26,1030000,1030000,GB,GB
Keondre Coburn,IDL,Titans,Titans,Signed,0.114,25,1030000,1030000,TEN,TEN
Andrew Rupcich,RT,Titans,Titans,Signed,0.015,26,1030000,1030000,TEN,TEN
Juanyeh Thomas,S,Cowboys,Cowboys,Signed,0.085,25,1030000,1030000,DAL,DAL
Tyler Goodson,RB,Colts,Colts,Signed,0.121,25,1030000,1030000,IND,IND
Cameron Goode,EDGE,Dolphins,Dolphins,Signed,0.011000000000000001,27,1030000,1030000,MIA,MIA
Lucas Krull,TE,Broncos,Broncos,Signed,0.271,27,1030000,1030000,DEN,DEN
Irvin Charles,WR,Jets,Jets,Signed,0.009000000000000001,28,1030000,1030000,NYJ,NYJ
Chance Campbell,LB,Titans,,RFA,0,26,832500,832500,TEN,NA
Jeremiah Pharms,IDL,Patriots,Patriots,Signed,0.409,29,1237500,1237500,NE,NE
Ryan Rehkow,P,Bengals,Bengals,Signed,0.28,27,1017500,1017500,CIN,CIN
Austen Pleasants,RT,49ers,49ers,Signed,0.062,28,960000,960000,SF,SF
Dondrea Tillman,EDGE,Broncos,Broncos,Signed,0.21,27,960000,960000,DEN,DEN
Jordan Jackson,IDL,Broncos,Broncos,Signed,0.268,27,960000,960000,DEN,DEN
Charles Snowden,EDGE,Raiders,Raiders,Signed,0.364,27,960000,960000,LV,LV
Dylan McMahon,C,Rams,Rams,Signed,0.061,24,960000,960000,LAR,LAR
Cam Grandy,TE,Bengals,Bengals,Signed,0.066,26,980000,980000,CIN,CIN
Winston Reid,LB,Browns,Browns,Signed,0.133,26,960000,960000,CLE,CLE
Ryan Coll,LT,Colts,,SFA,0,24,795000,795000,IND,NA
Evan Anderson,IDL,49ers,49ers,Signed,0.25,23,960000,960000,SF,SF
JaQuae Jackson,WR,Patriots,,ERFA,0.022000000000000002,25,795000,795000,NE,NA
Douglas Coleman III,S,Bears,,ERFA,0,27,795000,795000,CHI,NA
Connor Galvin,LT,Lions,,ERFA,0,26,795000,795000,DET,NA
Spencer Shrader,K,Chiefs,Colts,Signed,0.069,26,1255000,1255000,KC,IND
Morice Norris,CB,Lions,Lions,Signed,0.001,25,840000,840000,DET,DET
Mitchell Agude,EDGE,Lions,Lions,Signed,0.036000000000000004,26,960000,960000,DET,DET
Matt Araiza,P,Chiefs,Chiefs,Signed,0.297,25,960000,960000,KC,KC
Josh Onujiogu,EDGE,Seahawks,,ERFA,0,27,795000,795000,SEA,NA
Michael Niese,LG,Lions,Lions,Signed,0.031,27,960000,960000,DET,DET
Jaxson Kirkland,RG,Bengals,Bengals,Signed,0.003,27,960000,960000,CIN,CIN
Devon Key,S,Broncos,Broncos,Signed,0.217,28,960000,960000,DEN,DEN
Demontrey Jacobs,RT,Patriots,Patriots,Signed,0.7929999999999999,27,960000,960000,NE,NE
Grant DuBose,WR,Dolphins,,ERFA,0.044000000000000004,24,795000,795000,MIA,NA
Jalen Redmond,IDL,Vikings,Vikings,Signed,0.183,26,960000,960000,MIN,MIN
C.J. Brewer,IDL,Buccaneers,Buccaneers,Signed,0.14300000000000002,28,960000,960000,TB,TB
Kadeem Telfort,LT,Packers,Packers,Signed,0.021,27,960000,960000,GB,GB
Robert Burns,FB,Falcons,,SFA,0,27,795000,795000,ATL,NA
Owen Wright,RB,Ravens,,ERFA,0,26,795000,795000,BAL,NA
Dyontae Johnson,LB,Giants,Giants,Signed,0.034,25,840000,840000,NYG,NYG
Ja'Quan McMillian,CB,Broncos,Broncos,Signed,0.753,25,1030000,1030000,DEN,DEN
Angelo Blackson,IDL,Cardinals,,SFA,0.022000000000000002,33,408022,408022,ARI,NA
Carter Coughlin,LB,Giants,,SFA,0,28,348100,348100,NYG,NA
Stephen Sullivan,TE,Panthers,,SFA,0.008,29,302400,302400,CAR,NA
Tommy Sweeney,TE,Bears,,SFA,0,30,302400,302400,CHI,NA
Tre Flowers,CB,Colts,,SFA,0.013000000000000001,30,302400,302400,IND,NA
Jason Peters,LT,Seahawks,,SFA,0,43,302400,302400,SEA,NA
Cody Thompson,WR,Buccaneers,,SFA,0.003,29,267222,267222,TB,NA
Ellis Merriweather,RB,Packers,,SFA,0,26,256667,256667,GB,NA
Baylor Cupp,TE,Chiefs,Chiefs,Signed,0.005,25,840000,840000,KC,KC
Jamie Sheriff,LB,Seahawks,Seahawks,Signed,0.013999999999999999,25,840000,840000,SEA,SEA
Qadir Ismail,WR,Ravens,Raiders,Signed,0,25,840000,840000,BAL,LV
Daniel Grzesiak,EDGE,Buccaneers,,SFA,0,25,225000,225000,TB,NA
Trajan Jeffcoat,EDGE,Saints,,SFA,0,26,225000,225000,NO,NA
Kazmeir Allen,WR,Commanders,Commanders,Signed,0.052000000000000005,25,840000,840000,WAS,WAS
Jimmy Morrissey,C,Giants,Giants,Signed,0,27,1030000,1030000,NYG,NYG
Henry Byrd,RG,Vikings,Vikings,Signed,0,26,840000,840000,MIN,MIN
Mason Pline,TE,49ers,49ers,Signed,0,25,840000,840000,SF,SF
Haggai Chisom Ndubuisi,RG,Commanders,,SFA,0,25,225000,225000,WAS,NA
Zyon Gilbert,CB,Steelers,,SFA,0,26,225000,225000,PIT,NA
Jason Bean,QB,Colts,Colts,Signed,0,26,840000,840000,IND,IND
